cust_id,DOB,Gender,city_code,cluster,recency,frequency,monetary,R,F,M,Avg_M
268408,02-01-1970,M,4,0,780,1,6491.88,2,1,4,2884.529159292036
268073,11-01-1970,M,1,3,338,3,9432.28,4,4,4,6915.3110000000015
266929,15-01-1970,M,8,1,794,1,3752.58,2,1,3,2884.529159292036
275152,16-01-1970,M,4,0,741,1,4652.05,3,3,3,3882.849653465345
273966,21-01-1970,M,8,3,982,1,1200.03,2,3,1,3834.2104210526313
266997,23-01-1970,M,9,0,527,1,2793.44,3,1,2,2695.92375
274593,26-01-1970,M,10,0,1164,2,15845.7,1,4,4,6567.448333333333
274630,01-02-1970,M,4,2,570,1,594.49,3,3,1,3882.849653465345
273541,01-02-1970,M,4,1,337,3,2414.43,4,4,2,6915.3110000000015
273613,06-02-1970,M,1,1,908,1,8016.77,2,2,4,2778.987763157896
267609,18-02-1970,M,2,2,730,2,1458.6,3,3,1,3882.849653465345
270602,18-02-1970,M,5,2,588,3,9505.21,3,4,4,6762.504741379312
272883,19-02-1970,M,5,3,1102,1,4000.1,1,2,3,2504.688516949152
271262,21-02-1970,M,2,0,1396,1,6369.22,1,2,4,2504.688516949152
271692,07-03-1970,M,5,0,1057,1,1290.64,2,2,1,2778.987763157896
266895,12-03-1970,M,4,3,568,2,7027.8,3,3,4,3882.849653465345
273016,22-03-1970,M,3,1,1010,1,4513.93,2,2,3,2778.987763157896
271935,26-03-1970,M,5,3,400,1,6171.43,4,2,4,2467.866818181818
273871,29-03-1970,M,7,1,184,1,3964.74,4,3,3,4224.888571428572
273811,29-03-1970,M,8,0,533,1,4256.46,3,2,3,2721.3525625
274834,02-04-1970,M,4,2,1077,2,8771.49,1,4,4,6567.448333333333
272795,22-04-1970,M,1,1,317,2,2011.1,4,4,2,6915.3110000000015
269640,29-04-1970,M,7,0,393,2,8409.05,4,3,4,4224.888571428572
272555,03-05-1970,M,1,0,1112,1,1907.23,1,2,2,2504.688516949152
268732,06-05-1970,M,2,0,1377,1,5083.0,1,1,3,2505.64496
267386,15-05-1970,M,7,0,837,1,1236.49,2,1,1,2884.529159292036
270911,22-05-1970,M,2,0,790,1,7950.48,2,2,4,2778.987763157896
268627,01-06-1970,M,9,0,463,1,3721.64,4,1,3,2495.183644067797
270430,01-06-1970,M,7,0,591,2,6510.66,3,3,4,3882.849653465345
269531,05-06-1970,M,2,0,951,2,2335.97,2,3,2,3834.2104210526313
274849,09-06-1970,M,4,0,647,1,1137.05,3,3,1,3882.849653465345
272186,09-06-1970,M,10,3,387,3,7778.1,4,4,4,6915.3110000000015
270047,10-06-1970,M,1,2,713,2,4165.85,3,3,3,3882.849653465345
274128,10-06-1970,M,10,3,809,1,3372.46,2,3,3,3834.2104210526313
270933,15-06-1970,M,8,2,464,2,5182.45,4,4,3,6915.3110000000015
273162,19-06-1970,M,8,0,1050,1,4895.15,2,2,3,2778.987763157896
275116,29-06-1970,M,5,0,816,1,3748.16,2,3,3,3834.2104210526313
273840,01-07-1970,M,3,0,972,1,1436.5,2,3,1,3834.2104210526313
272495,10-07-1970,M,8,1,493,1,1471.86,4,2,1,2467.866818181818
267042,23-07-1970,M,8,0,1064,1,2426.58,1,1,2,2505.64496
273575,27-07-1970,M,1,0,764,3,4079.66,2,4,3,6461.743134328361
274445,06-08-1970,M,8,0,345,2,6391.32,4,4,4,6915.3110000000015
269449,09-08-1970,M,6,0,324,1,4813.38,4,1,3,2495.183644067797
275014,12-08-1970,M,4,0,465,1,3699.54,4,3,3,4224.888571428572
269825,21-08-1970,M,4,3,1107,1,6696.3,1,1,4,2505.64496
272721,01-09-1970,M,8,0,423,1,1756.95,4,2,2,2467.866818181818
267713,03-09-1970,M,1,0,1301,1,878.48,1,1,1,2505.64496
274743,06-09-1970,M,4,0,626,1,1024.34,3,3,1,3882.849653465345
270051,07-09-1970,M,8,0,1047,1,792.28,2,1,1,2884.529159292036
272088,08-09-1970,M,5,3,1210,1,3197.87,1,2,3,2504.688516949152
267536,10-09-1970,M,3,0,930,1,83.98,2,1,1,2884.529159292036
271286,10-09-1970,M,1,1,815,1,5357.04,2,2,3,2778.987763157896
267613,15-09-1970,M,3,1,548,2,6132.75,3,3,4,3882.849653465345
274682,19-09-1970,M,10,0,1104,1,4299.56,1,3,3,3765.3049473684223
272017,22-09-1970,M,8,1,856,2,9918.48,2,4,4,6461.743134328361
274194,24-09-1970,M,5,3,816,1,3868.61,2,3,3,3834.2104210526313
272777,29-09-1970,M,7,0,291,1,1286.22,4,2,1,2467.866818181818
271924,03-10-1970,M,5,1,609,1,2707.25,3,2,2,2721.3525625
270446,05-10-1970,M,10,1,341,2,12437.88,4,3,4,4224.888571428572
269919,11-10-1970,M,1,2,692,1,556.92,3,1,1,2695.92375
267959,12-10-1970,M,6,2,336,3,8899.67,4,4,4,6915.3110000000015
270619,16-10-1970,M,6,0,818,1,775.71,2,2,1,2778.987763157896
266972,21-10-1970,M,7,3,634,1,3417.76,3,1,3,2695.92375
271959,26-10-1970,M,9,0,319,2,3189.03,4,4,3,6915.3110000000015
273929,28-10-1970,M,5,1,758,2,4681.89,3,4,3,6762.504741379312
268635,01-11-1970,M,4,3,304,2,2856.43,4,3,2,4224.888571428572
267396,13-11-1970,M,9,0,630,1,2313.87,3,1,2,2695.92375
274493,19-11-1970,M,5,3,659,1,910.52,3,3,1,3882.849653465345
273222,19-11-1970,M,6,0,641,1,1459.7,3,2,1,2721.3525625
270316,19-11-1970,M,4,0,511,1,1202.24,3,2,1,2721.3525625
275123,23-11-1970,M,9,2,740,2,3049.8,3,4,2,6762.504741379312
274486,29-11-1970,M,9,3,1334,1,540.35,1,3,1,3765.3049473684223
273556,01-12-1970,M,3,0,678,1,2225.47,3,2,2,2721.3525625
275200,04-12-1970,M,8,0,1331,1,693.94,1,3,1,3765.3049473684223
272212,10-12-1970,M,4,0,532,1,8110.7,3,2,4,2721.3525625
273664,13-12-1970,M,6,0,1425,1,1806.67,1,2,2,2504.688516949152
268578,24-12-1970,M,7,0,1390,1,995.61,1,1,1,2505.64496
270768,27-12-1970,M,10,0,559,2,6532.76,3,3,4,3882.849653465345
267618,08-01-1971,M,2,3,560,2,6036.61,3,3,4,3882.849653465345
267359,08-01-1971,M,1,0,503,1,766.87,3,1,1,2695.92375
275111,12-01-1971,M,8,0,699,1,256.36,3,3,1,3882.849653465345
273602,15-01-1971,M,2,2,467,1,543.66,4,2,1,2467.866818181818
274215,23-01-1971,M,8,2,1074,2,7668.7,1,4,4,6567.448333333333
272536,28-01-1971,M,2,1,854,2,5927.22,2,4,4,6461.743134328361
274101,01-02-1971,M,1,1,753,3,6635.52,3,4,4,6762.504741379312
274913,02-02-1971,M,8,3,1363,1,632.06,1,3,1,3765.3049473684223
271323,02-02-1971,M,1,0,577,2,1171.3,3,4,1,6762.504741379312
271900,08-02-1971,M,9,0,879,1,303.88,2,2,1,2778.987763157896
271975,16-02-1971,M,2,1,1002,1,5374.72,2,2,3,2778.987763157896
269139,20-02-1971,M,3,0,1269,1,1471.86,1,1,1,2505.64496
268813,21-02-1971,M,7,0,920,1,3931.59,2,1,3,2884.529159292036
272497,01-03-1971,M,10,3,500,2,2549.24,4,4,2,6915.3110000000015
273545,01-03-1971,M,3,3,956,1,4369.17,2,2,3,2778.987763157896
270252,02-03-1971,M,5,3,530,4,7814.56,3,4,4,6762.504741379312
275023,09-03-1971,M,6,1,944,1,1700.6,2,3,2,3834.2104210526313
270770,15-03-1971,M,5,2,741,2,11348.35,3,3,4,3882.849653465345
274073,18-03-1971,M,10,0,938,1,2037.62,2,3,2,3834.2104210526313
267346,19-03-1971,M,7,0,962,1,1644.24,2,1,2,2884.529159292036
267240,29-03-1971,M,6,3,512,1,1826.57,3,1,2,2695.92375
269218,06-04-1971,M,8,0,1428,1,1133.73,1,1,1,2505.64496
268342,21-04-1971,M,7,0,1289,1,5286.32,1,1,3,2505.64496
271489,21-04-1971,M,9,0,1001,1,1790.1,2,2,2,2778.987763157896
271485,01-05-1971,M,10,2,347,2,7217.86,4,4,4,6915.3110000000015
274092,10-05-1971,M,9,2,1421,2,5688.54,1,4,4,6567.448333333333
274008,11-05-1971,M,6,1,828,1,470.73,2,3,1,3834.2104210526313
274549,13-05-1971,M,1,3,990,2,4232.15,2,4,3,6461.743134328361
267995,04-06-1971,M,4,0,589,1,8000.2,3,1,4,2695.92375
274662,20-06-1971,M,7,0,1162,2,1471.86,1,4,1,6567.448333333333
267395,24-06-1971,M,6,0,388,2,2285.14,4,3,2,4224.888571428572
268840,29-06-1971,M,8,3,577,1,2955.88,3,1,2,2695.92375
269756,04-07-1971,M,3,0,919,1,2892.89,2,1,2,2884.529159292036
273445,18-07-1971,M,2,0,1125,1,545.87,1,2,1,2504.688516949152
268385,27-07-1971,M,4,0,1428,1,7751.57,1,1,4,2505.64496
269058,29-07-1971,M,8,0,779,2,7936.11,2,3,4,3834.2104210526313
273997,29-07-1971,M,3,0,837,1,875.16,2,3,1,3834.2104210526313
269764,03-08-1971,M,5,3,356,1,1027.65,4,1,1,2495.183644067797
273456,04-08-1971,M,6,0,1317,1,486.2,1,2,1,2504.688516949152
267914,06-08-1971,M,8,1,503,1,1414.4,3,1,1,2695.92375
271863,19-08-1971,M,1,3,1126,3,8835.58,1,4,4,6567.448333333333
271784,22-08-1971,M,3,0,806,1,603.33,2,2,1,2778.987763157896
268108,03-09-1971,M,7,0,524,2,3697.33,3,3,3,3882.849653465345
266854,04-09-1971,M,5,0,862,2,2046.46,2,3,2,3834.2104210526313
273986,07-09-1971,M,9,0,424,1,369.07,4,3,1,4224.888571428572
268453,09-09-1971,M,3,0,738,2,247.52,3,3,1,3882.849653465345
274268,21-09-1971,M,9,0,417,2,7525.05,4,4,4,6915.3110000000015
270861,14-10-1971,M,4,2,732,2,10784.8,3,3,4,3882.849653465345
274629,20-10-1971,M,5,0,377,1,4757.02,4,3,3,4224.888571428572
275190,02-11-1971,M,6,0,759,2,5124.99,3,4,3,6762.504741379312
274279,06-11-1971,M,2,3,438,2,3927.17,4,4,3,6915.3110000000015
274522,10-11-1971,M,7,0,1198,1,3911.7,1,3,3,3765.3049473684223
272767,13-11-1971,M,8,0,990,1,2016.62,2,2,2,2778.987763157896
268074,21-11-1971,M,5,3,1178,1,3916.12,1,1,3,2505.64496
270003,22-11-1971,M,5,3,847,2,2749.24,2,3,2,3834.2104210526313
273647,09-12-1971,M,7,0,1425,1,5801.25,1,2,4,2504.688516949152
271111,19-12-1971,M,2,0,923,1,1542.58,2,2,2,2778.987763157896
273506,23-12-1971,M,3,2,290,3,7078.63,4,4,4,6915.3110000000015
274600,10-01-1972,M,1,0,799,1,1352.52,2,3,1,3834.2104210526313
271558,12-01-1972,M,6,1,580,3,8414.57,3,4,4,6762.504741379312
270251,13-01-1972,M,4,2,880,2,3142.62,2,3,3,3834.2104210526313
269020,14-01-1972,M,4,3,655,1,3447.6,3,1,3,2695.92375
275006,01-02-1972,M,2,0,625,1,1248.65,3,3,1,3882.849653465345
274110,03-02-1972,M,5,2,649,2,5038.8,3,4,3,6762.504741379312
270291,10-02-1972,M,8,0,1399,1,345.87,1,2,1,2504.688516949152
272055,15-02-1972,M,4,1,996,2,7270.9,2,4,4,6461.743134328361
268445,18-02-1972,M,6,3,413,3,5083.0,4,4,3,6915.3110000000015
274550,21-02-1972,M,7,2,581,1,388.96,3,3,1,3882.849653465345
270965,25-02-1972,M,2,0,782,1,2689.57,2,2,2,2778.987763157896
269124,28-02-1972,M,3,2,471,2,6465.36,4,3,4,4224.888571428572
269953,01-03-1972,M,8,3,1047,1,4679.68,2,1,3,2884.529159292036
267698,03-03-1972,M,7,0,622,2,225.42,3,3,1,3882.849653465345
269297,06-03-1972,M,6,0,347,1,1317.16,4,1,1,2495.183644067797
272386,08-03-1972,M,2,2,457,3,11711.9,4,4,4,6915.3110000000015
267743,13-03-1972,M,10,3,573,1,6226.68,3,1,4,2695.92375
270515,15-03-1972,M,6,2,854,1,4508.4,2,2,3,2778.987763157896
267293,18-03-1972,M,2,3,611,1,3533.79,3,1,3,2695.92375
270855,20-03-1972,M,7,0,937,1,80.67,2,2,1,2778.987763157896
268160,29-03-1972,M,7,3,488,2,1281.8,4,3,1,4224.888571428572
268920,07-04-1972,M,1,0,497,1,717.14,4,1,1,2495.183644067797
272708,15-04-1972,M,10,1,454,1,5486.32,4,2,3,2467.866818181818
271873,17-04-1972,M,1,1,485,2,3558.1,4,4,3,6915.3110000000015
271055,14-05-1972,M,3,0,1101,1,1239.81,1,2,1,2504.688516949152
273167,17-05-1972,M,9,2,649,1,7795.77,3,2,4,2721.3525625
272279,19-05-1972,M,9,3,679,1,6338.28,3,2,4,2721.3525625
274653,26-05-1972,M,8,0,598,2,4265.3,3,4,3,6762.504741379312
273440,15-06-1972,M,9,1,376,2,3673.02,4,4,3,6915.3110000000015
266855,16-06-1972,M,10,3,1150,1,6077.5,1,1,4,2505.64496
269568,17-06-1972,M,2,0,1224,1,1615.51,1,1,2,2505.64496
269559,24-06-1972,M,1,3,612,1,1478.49,3,1,1,2695.92375
270823,28-06-1972,M,5,0,377,2,7809.03,4,3,4,4224.888571428572
275082,11-07-1972,M,9,0,154,2,2103.92,4,4,2,6915.3110000000015
273205,19-07-1972,M,2,0,728,1,1942.59,3,2,2,2721.3525625
269013,20-07-1972,M,1,1,442,1,3447.6,4,1,3,2495.183644067797
270460,27-07-1972,M,5,0,1008,1,784.55,2,2,1,2778.987763157896
275007,29-07-1972,M,4,0,1275,1,3315.0,1,3,3,3765.3049473684223
269310,06-08-1972,M,4,2,874,2,2059.72,2,3,2,3834.2104210526313
270721,20-08-1972,M,1,0,815,1,1768.0,2,2,2,2778.987763157896
274093,21-08-1972,M,2,3,780,2,15226.9,2,4,4,6461.743134328361
273237,26-08-1972,M,3,0,793,2,8401.32,2,4,4,6461.743134328361
270659,27-08-1972,M,10,3,532,2,7045.48,3,3,4,3882.849653465345
267439,27-08-1972,M,1,1,515,4,7326.15,3,4,4,6762.504741379312
271965,06-09-1972,M,4,3,783,2,1374.62,2,4,1,6461.743134328361
273495,11-09-1972,M,6,0,654,1,1118.26,3,2,1,2721.3525625
266975,27-09-1972,M,4,2,424,3,11536.2,4,4,4,6915.3110000000015
272248,04-10-1972,M,7,2,1028,1,1567.99,2,2,2,2778.987763157896
269629,05-10-1972,M,6,0,432,3,6038.82,4,4,4,6915.3110000000015
273595,16-10-1972,M,3,0,547,1,2592.33,3,2,2,2721.3525625
267112,22-10-1972,M,7,1,730,1,7817.88,3,1,4,2695.92375
272700,27-10-1972,M,6,0,1148,1,914.94,1,2,1,2504.688516949152
272508,05-11-1972,M,9,2,314,2,1277.38,4,4,1,6915.3110000000015
271283,10-11-1972,M,2,0,310,1,1470.76,4,2,1,2467.866818181818
267174,16-11-1972,M,1,3,505,1,885.11,3,1,1,2695.92375
266863,17-11-1972,M,6,2,510,1,1343.68,3,1,1,2695.92375
273308,28-11-1972,M,1,0,375,1,2042.04,4,2,2,2467.866818181818
274386,01-12-1972,M,6,2,373,1,1284.01,4,3,1,4224.888571428572
268504,05-12-1972,M,6,2,345,3,7921.74,4,4,4,6915.3110000000015
274449,15-12-1972,M,4,3,1297,1,3740.43,1,3,3,3765.3049473684223
272438,16-12-1972,M,9,0,746,1,1763.58,3,2,2,2721.3525625
269034,16-12-1972,M,10,3,871,2,8490.82,2,3,4,3834.2104210526313
268319,19-12-1972,M,10,0,484,1,1653.08,4,1,2,2495.183644067797
268171,22-12-1972,M,3,0,877,1,1217.71,2,1,1,2884.529159292036
267257,26-12-1972,M,4,0,1110,1,217.69,1,1,1,2505.64496
269490,05-01-1973,M,5,0,871,1,623.22,2,1,1,2884.529159292036
273662,12-01-1973,M,10,0,767,3,3376.88,2,4,3,6461.743134328361
274334,01-02-1973,M,5,3,387,1,4433.26,4,3,3,4224.888571428572
267169,07-02-1973,M,8,0,833,1,2243.15,2,1,2,2884.529159292036
274648,13-02-1973,M,8,2,1345,2,961.35,1,4,1,6567.448333333333
272046,20-02-1973,M,5,2,453,3,10145.0,4,4,4,6915.3110000000015
272727,20-02-1973,M,3,2,868,1,4646.52,2,2,3,2778.987763157896
272173,21-02-1973,M,8,2,587,1,2712.78,3,2,2,2721.3525625
269033,24-02-1973,M,6,2,704,1,5298.48,3,1,3,2695.92375
269988,02-03-1973,M,6,0,2,1,1931.54,4,1,2,2495.183644067797
266991,05-03-1973,M,5,0,805,1,1034.28,2,1,1,2884.529159292036
269306,11-03-1973,M,6,3,373,2,7646.6,4,3,4,4224.888571428572
271818,03-04-1973,M,7,3,287,1,3111.68,4,2,2,2467.866818181818
275136,06-04-1973,M,4,0,313,2,1764.68,4,4,2,6915.3110000000015
268825,06-04-1973,M,6,0,984,1,1425.45,2,1,1,2884.529159292036
271448,12-04-1973,M,4,0,1130,1,1616.62,1,2,2,2504.688516949152
271862,24-04-1973,M,8,2,678,2,10501.92,3,4,4,6762.504741379312
271108,28-04-1973,M,10,0,1007,1,1202.24,2,2,1,2778.987763157896
274364,28-04-1973,M,10,0,687,1,2101.71,3,3,2,3882.849653465345
273014,02-05-1973,M,4,0,358,3,3132.68,4,4,2,6915.3110000000015
268173,04-05-1973,M,8,0,361,1,1376.83,4,1,1,2495.183644067797
267097,05-05-1973,M,2,3,787,1,7917.32,2,1,4,2884.529159292036
270955,05-05-1973,M,1,0,934,2,6269.77,2,4,4,6461.743134328361
272314,05-05-1973,M,1,3,367,1,4674.15,4,2,3,2467.866818181818
268608,05-05-1973,M,8,0,1421,1,4016.68,1,1,3,2505.64496
272879,21-05-1973,M,5,2,725,3,7007.91,3,4,4,6762.504741379312
273258,26-05-1973,M,8,2,405,2,2616.64,4,4,2,6915.3110000000015
273435,02-06-1973,M,5,0,1170,2,2497.3,1,4,2,6567.448333333333
266824,04-06-1973,M,7,3,632,2,2442.05,3,3,2,3882.849653465345
275262,06-06-1973,M,10,0,1208,1,1750.32,1,3,2,3765.3049473684223
268716,15-06-1973,M,2,0,719,1,1607.78,3,1,2,2695.92375
273136,20-06-1973,M,4,2,1136,1,371.28,1,2,1,2504.688516949152
269063,23-06-1973,M,3,0,1276,1,2771.34,1,1,2,2505.64496
274363,28-06-1973,M,1,0,700,1,4213.36,3,3,3,3882.849653465345
272054,03-07-1973,M,1,3,659,1,580.12,3,2,1,2721.3525625
273455,17-07-1973,M,8,0,488,1,1165.78,4,2,1,2467.866818181818
271341,22-07-1973,M,10,0,1150,1,1933.75,1,2,2,2504.688516949152
268681,29-07-1973,M,8,3,1305,2,5049.85,1,3,3,3765.3049473684223
268337,08-08-1973,M,10,0,843,1,235.37,2,1,1,2884.529159292036
272981,11-08-1973,M,8,3,723,2,4942.66,3,4,3,6762.504741379312
272809,20-08-1973,M,7,0,538,3,5979.16,3,4,4,6762.504741379312
274788,22-08-1973,M,2,1,652,1,2497.3,3,3,2,3882.849653465345
273823,04-09-1973,M,9,1,435,4,18938.6,4,4,4,6915.3110000000015
274733,06-09-1973,M,10,0,317,1,249.73,4,3,1,4224.888571428572
275210,13-09-1973,M,2,0,1204,1,3960.32,1,3,3,3765.3049473684223
270874,17-09-1973,M,9,0,1242,2,2744.82,1,4,2,6567.448333333333
272813,17-09-1973,M,7,0,440,1,1833.19,4,2,2,2467.866818181818
271340,21-09-1973,M,3,1,1176,2,4181.32,1,4,3,6567.448333333333
274384,22-09-1973,M,7,0,498,1,3233.23,4,3,3,4224.888571428572
269007,29-09-1973,M,3,0,631,1,1801.15,3,1,2,2695.92375
273831,05-10-1973,M,5,0,853,1,1382.36,2,2,1,2778.987763157896
267974,12-10-1973,M,1,2,712,1,7630.02,3,1,4,2695.92375
271452,21-10-1973,M,4,2,791,1,1962.48,2,2,2,2778.987763157896
273465,24-10-1973,M,3,3,923,1,4196.79,2,2,3,2778.987763157896
275226,26-10-1973,M,4,1,607,1,640.9,3,3,1,3882.849653465345
269497,10-11-1973,M,7,0,999,1,1017.71,2,1,1,2884.529159292036
268415,10-11-1973,M,9,1,1380,2,3668.6,1,3,3,3765.3049473684223
269279,10-11-1973,M,3,1,578,1,3723.85,3,1,3,2695.92375
266919,11-11-1973,M,6,0,419,1,1469.65,4,1,1,2495.183644067797
274138,15-11-1973,M,8,3,911,1,788.97,2,3,1,3834.2104210526313
267377,20-11-1973,M,8,3,402,3,5083.0,4,4,3,6915.3110000000015
269546,28-11-1973,M,3,3,779,3,9262.11,2,4,4,6461.743134328361
269779,08-12-1973,M,7,3,348,2,6088.55,4,3,4,4224.888571428572
272562,14-12-1973,M,5,2,703,1,2569.12,3,2,2,2721.3525625
271543,20-12-1973,M,1,1,1069,3,17702.1,1,4,4,6567.448333333333
268061,23-12-1973,M,6,0,1156,1,1932.64,1,1,2,2505.64496
273757,24-12-1973,M,5,3,965,1,1800.05,2,2,2,2778.987763157896
272003,24-12-1973,M,3,3,358,2,2225.47,4,4,2,6915.3110000000015
273403,13-01-1974,M,6,2,805,3,8467.61,2,4,4,6461.743134328361
274219,24-01-1974,M,8,1,431,3,3929.38,4,4,3,6915.3110000000015
273949,25-01-1974,M,4,0,1431,1,404.43,1,3,1,3765.3049473684223
270684,07-02-1974,M,2,0,525,2,4446.52,3,3,3,3882.849653465345
274435,10-02-1974,M,8,0,609,2,4926.09,3,4,3,6762.504741379312
274149,12-02-1974,M,6,3,489,3,12088.7,4,4,4,6915.3110000000015
271595,15-02-1974,M,5,0,1117,2,4557.02,1,4,3,6567.448333333333
270667,24-02-1974,M,9,0,832,1,8287.5,2,2,4,2778.987763157896
268305,25-02-1974,M,2,1,722,4,12602.52,3,4,4,6762.504741379312
274759,27-02-1974,M,7,3,431,1,5052.06,4,3,3,4224.888571428572
275060,27-02-1974,M,6,1,1110,1,3285.16,1,3,3,3765.3049473684223
268512,01-03-1974,M,5,0,1053,1,2217.74,2,1,2,2884.529159292036
272706,09-03-1974,M,8,2,1402,1,1994.53,1,2,2,2504.688516949152
272566,10-03-1974,M,7,0,949,1,2665.26,2,2,2,2778.987763157896
271969,14-03-1974,M,5,3,456,3,7033.33,4,4,4,6915.3110000000015
268982,17-03-1974,M,10,1,1120,1,1966.9,1,1,2,2505.64496
273496,25-03-1974,M,8,2,1300,1,1480.7,1,2,1,2504.688516949152
267273,27-03-1974,M,7,1,825,2,3175.77,2,3,3,3834.2104210526313
272163,06-04-1974,M,3,0,717,2,4118.34,3,4,3,6762.504741379312
271251,06-04-1974,M,2,2,636,1,1586.78,3,2,2,2721.3525625
267915,25-04-1974,M,8,0,1367,1,2210.0,1,1,2,2505.64496
268654,26-04-1974,M,9,3,805,2,5399.03,2,3,3,3834.2104210526313
272869,02-05-1974,M,4,0,93,1,2875.21,4,2,2,2467.866818181818
274761,04-05-1974,M,8,0,801,2,3403.4,2,4,3,6461.743134328361
273987,05-05-1974,M,9,0,459,2,4468.62,4,4,3,6915.3110000000015
269925,07-05-1974,M,5,0,782,2,6174.74,2,3,4,3834.2104210526313
269691,08-05-1974,M,1,3,1075,1,1370.2,1,1,1,2505.64496
274982,10-05-1974,M,8,1,1041,1,3547.05,2,3,3,3834.2104210526313
268981,11-05-1974,M,7,1,1006,3,11478.74,2,4,4,6461.743134328361
267158,14-05-1974,M,5,2,625,4,8439.99,3,4,4,6762.504741379312
273795,15-05-1974,M,5,0,637,1,207.74,3,2,1,2721.3525625
267413,21-05-1974,M,4,0,865,1,2243.15,2,1,2,2884.529159292036
272409,21-05-1974,M,7,0,1279,1,5958.16,1,2,4,2504.688516949152
273510,02-06-1974,M,7,0,1283,1,580.12,1,2,1,2504.688516949152
270924,06-06-1974,M,4,2,365,1,5343.78,4,2,3,2467.866818181818
268069,20-06-1974,M,4,1,471,1,2227.68,4,1,2,2495.183644067797
270598,21-06-1974,M,1,0,674,2,5151.51,3,3,3,3882.849653465345
274153,22-06-1974,M,4,0,383,2,4686.31,4,4,3,6915.3110000000015
270582,01-07-1974,M,5,0,757,1,556.92,3,2,1,2721.3525625
271346,17-07-1974,M,4,2,586,2,2165.8,3,4,2,6762.504741379312
268878,28-07-1974,M,7,0,1324,1,2415.53,1,1,2,2505.64496
274358,05-08-1974,M,4,0,1156,2,654.16,1,4,1,6567.448333333333
274772,05-08-1974,M,10,0,402,1,669.63,4,3,1,4224.888571428572
268895,16-08-1974,M,4,0,509,1,2797.86,3,1,2,2695.92375
268286,23-08-1974,M,5,0,1038,1,630.96,2,1,1,2884.529159292036
273600,28-08-1974,M,10,0,481,2,3071.9,4,4,2,6915.3110000000015
268692,28-08-1974,M,1,1,1178,2,5449.86,1,3,3,3765.3049473684223
270812,02-09-1974,M,2,3,484,1,2121.6,4,2,2,2467.866818181818
268364,04-09-1974,M,9,0,1233,1,2229.89,1,1,2,2505.64496
268682,17-09-1974,M,8,0,585,2,7112.89,3,3,4,3882.849653465345
274870,14-10-1974,M,10,0,354,2,3602.3,4,4,3,6915.3110000000015
268501,19-10-1974,M,5,0,552,1,5025.54,3,1,3,2695.92375
269868,21-10-1974,M,10,0,546,2,10259.92,3,3,4,3882.849653465345
270313,26-10-1974,M,8,3,407,2,7054.32,4,3,4,4224.888571428572
270470,27-10-1974,M,9,1,1024,1,5707.32,2,2,4,2778.987763157896
270881,22-11-1974,M,6,0,1175,1,1123.79,1,2,1,2504.688516949152
269914,28-11-1974,M,2,0,865,2,5318.36,2,3,3,3834.2104210526313
270799,28-11-1974,M,10,0,950,1,1084.01,2,2,1,2778.987763157896
270340,03-12-1974,M,8,1,1107,1,3530.47,1,2,3,2504.688516949152
270541,11-12-1974,M,4,0,454,1,700.57,4,2,1,2467.866818181818
272573,20-12-1974,M,8,0,432,1,1614.4,4,2,2,2467.866818181818
272929,24-12-1974,M,6,3,1034,1,3082.95,2,2,2,2778.987763157896
267724,28-12-1974,M,10,3,856,3,13741.78,2,4,4,6461.743134328361
268589,02-01-1975,M,6,0,624,3,2566.91,3,4,2,6762.504741379312
268582,03-01-1975,M,1,2,433,3,5002.34,4,4,3,6915.3110000000015
272919,12-01-1975,M,7,0,778,1,719.36,2,2,1,2778.987763157896
268819,17-01-1975,M,7,0,569,1,366.86,3,1,1,2695.92375
269652,18-01-1975,M,10,1,967,1,8165.95,2,1,4,2884.529159292036
268390,01-02-1975,M,5,1,416,1,2035.41,4,1,2,2495.183644067797
270338,04-02-1975,M,8,3,454,1,1955.85,4,2,2,2467.866818181818
270327,12-02-1975,M,1,1,555,1,5140.46,3,2,3,2721.3525625
268492,17-02-1975,M,1,0,501,1,1576.84,3,1,2,2695.92375
269122,20-02-1975,M,1,0,340,1,2053.09,4,1,2,2495.183644067797
271249,22-02-1975,M,9,1,458,2,6364.8,4,4,4,6915.3110000000015
270718,27-02-1975,M,5,3,535,3,16567.26,3,4,4,6762.504741379312
271468,27-02-1975,M,8,2,907,3,7045.48,2,4,4,6461.743134328361
270766,24-03-1975,M,1,1,124,2,2730.45,4,3,2,4224.888571428572
271076,26-03-1975,M,6,0,415,3,9098.57,4,4,4,6915.3110000000015
271760,06-04-1975,M,9,3,418,4,11806.92,4,4,4,6915.3110000000015
275086,17-04-1975,M,10,0,1056,1,522.66,2,3,1,3834.2104210526313
274692,19-04-1975,M,3,3,629,1,6712.88,3,3,4,3882.849653465345
270970,04-05-1975,M,4,2,1249,1,1856.4,1,2,2,2504.688516949152
273660,05-05-1975,M,10,0,749,1,2797.86,3,2,2,2721.3525625
272045,07-05-1975,M,10,1,363,3,20024.81,4,4,4,6915.3110000000015
274152,08-05-1975,M,2,3,1380,1,1243.12,1,3,1,3765.3049473684223
271154,08-05-1975,M,3,0,592,1,5277.48,3,2,3,2721.3525625
272002,10-05-1975,M,7,3,804,2,11668.8,2,4,4,6461.743134328361
268603,11-05-1975,M,7,0,671,1,1009.97,3,1,1,2695.92375
267697,13-05-1975,M,6,0,640,1,777.92,3,1,1,2695.92375
272187,14-05-1975,M,10,0,723,3,1898.39,3,4,2,6762.504741379312
270951,18-05-1975,M,8,1,391,2,3639.87,4,4,3,6915.3110000000015
269513,20-05-1975,M,7,2,522,3,4543.76,3,4,3,6762.504741379312
270798,01-06-1975,M,8,0,838,1,6042.14,2,2,4,2778.987763157896
271073,02-06-1975,M,8,1,1240,3,6576.96,1,4,4,6567.448333333333
272842,08-06-1975,M,9,3,578,1,3315.0,3,2,3,2721.3525625
273360,11-06-1975,M,6,0,451,1,982.35,4,2,1,2467.866818181818
269002,11-06-1975,M,10,0,667,1,386.75,3,1,1,2695.92375
270311,14-06-1975,M,5,3,476,1,4200.1,4,2,3,2467.866818181818
274736,18-06-1975,M,7,0,670,2,7122.83,3,4,4,6762.504741379312
274313,22-06-1975,M,1,0,728,2,2091.77,3,4,2,6762.504741379312
274896,01-07-1975,M,4,1,405,3,3333.78,4,4,3,6915.3110000000015
271620,03-07-1975,M,9,3,413,1,967.98,4,2,1,2467.866818181818
274784,12-07-1975,M,9,1,610,1,2215.53,3,3,2,3882.849653465345
267375,17-07-1975,M,6,0,441,1,1544.79,4,1,2,2495.183644067797
273127,24-07-1975,M,9,0,866,1,775.71,2,2,1,2778.987763157896
272221,01-08-1975,M,6,0,1191,1,393.38,1,2,1,2504.688516949152
267551,08-08-1975,M,6,2,1054,2,7203.5,2,3,4,3834.2104210526313
272541,13-08-1975,M,6,0,810,1,1939.28,2,2,2,2778.987763157896
269196,15-08-1975,M,8,0,638,2,2511.66,3,3,2,3882.849653465345
273805,16-08-1975,M,10,1,1031,1,7635.55,2,2,4,2778.987763157896
271901,24-08-1975,M,10,1,879,3,6292.98,2,4,4,6461.743134328361
268906,25-08-1975,M,9,3,948,3,3116.1,2,4,2,6461.743134328361
267378,03-09-1975,M,3,0,488,1,1144.78,4,1,1,2495.183644067797
269307,03-09-1975,M,1,0,1214,2,3597.88,1,3,3,3765.3049473684223
273247,04-09-1975,M,4,0,829,1,2205.58,2,2,2,2778.987763157896
270178,17-09-1975,M,10,0,1226,1,1533.74,1,1,2,2505.64496
268522,19-09-1975,M,6,1,462,3,13191.49,4,4,4,6915.3110000000015
267366,23-09-1975,M,4,3,1237,1,623.22,1,1,1,2505.64496
273896,24-09-1975,M,6,1,315,5,9259.9,4,4,4,6915.3110000000015
267296,26-09-1975,M,4,3,486,2,4896.26,4,3,3,4224.888571428572
271375,04-10-1975,M,10,0,490,1,1113.84,4,2,1,2467.866818181818
273649,05-10-1975,M,5,0,1005,1,1506.12,2,2,2,2778.987763157896
270376,12-10-1975,M,8,0,675,1,4762.55,3,2,3,2721.3525625
272626,19-10-1975,M,2,3,981,1,528.19,2,2,1,2778.987763157896
269774,16-11-1975,M,6,3,810,1,5242.12,2,1,3,2884.529159292036
271565,22-11-1975,M,8,1,842,5,11308.57,2,4,4,6461.743134328361
268800,23-11-1975,M,6,3,1158,2,2996.76,1,3,2,3765.3049473684223
270294,26-11-1975,M,7,1,458,1,2035.41,4,2,2,2467.866818181818
274740,01-12-1975,M,10,0,555,1,582.34,3,3,1,3882.849653465345
271822,09-12-1975,M,9,3,925,1,4435.47,2,2,3,2778.987763157896
273128,22-12-1975,M,9,3,1207,1,2986.82,1,2,2,2504.688516949152
270445,23-12-1975,M,2,0,324,1,5436.6,4,2,3,2467.866818181818
268884,24-12-1975,M,10,2,348,1,6845.48,4,1,4,2495.183644067797
267712,25-12-1975,M,2,1,889,1,921.57,2,1,1,2884.529159292036
272596,25-12-1975,M,5,0,719,1,3275.22,3,2,3,2721.3525625
272155,28-12-1975,M,6,0,714,2,3832.14,3,4,3,6762.504741379312
269639,02-01-1976,M,4,0,1279,1,437.58,1,1,1,2505.64496
274155,13-01-1976,M,9,0,1090,1,1081.8,1,3,1,3765.3049473684223
269996,16-01-1976,M,7,0,463,1,998.92,4,1,1,2495.183644067797
267522,28-02-1976,M,3,1,728,3,10617.94,3,4,4,6762.504741379312
268110,06-03-1976,M,2,0,1309,1,4579.12,1,1,3,2505.64496
271145,15-03-1976,M,8,1,562,2,5297.37,3,4,3,6762.504741379312
271018,03-04-1976,M,6,0,373,1,2132.65,4,2,2,2467.866818181818
273548,12-04-1976,M,7,2,796,1,6386.9,2,2,4,2778.987763157896
274437,14-04-1976,M,6,0,370,1,440.89,4,3,1,4224.888571428572
269474,15-04-1976,M,2,0,1152,1,1000.02,1,1,1,2505.64496
270399,02-05-1976,M,8,0,311,2,3703.96,4,3,3,4224.888571428572
272864,17-05-1976,M,6,3,343,3,8824.53,4,4,4,6915.3110000000015
269677,20-05-1976,M,5,2,1190,1,5083.0,1,1,3,2505.64496
272924,29-05-1976,M,9,0,317,3,1615.51,4,4,2,6915.3110000000015
269476,03-06-1976,M,1,0,1022,1,1151.41,2,1,1,2884.529159292036
270505,06-06-1976,M,7,0,1153,1,232.05,1,2,1,2504.688516949152
268752,09-06-1976,M,4,2,1330,1,2499.51,1,1,2,2505.64496
272219,19-06-1976,M,3,0,814,1,480.68,2,2,1,2778.987763157896
271020,20-06-1976,M,8,1,1314,2,4968.08,1,4,3,6567.448333333333
275020,23-06-1976,M,2,0,546,2,7111.78,3,4,4,6762.504741379312
269136,01-07-1976,M,4,2,988,1,4425.52,2,1,3,2884.529159292036
271275,01-07-1976,M,8,0,1053,1,4276.35,2,2,3,2778.987763157896
268995,04-07-1976,M,1,0,907,1,1603.36,2,1,2,2884.529159292036
267970,12-07-1976,M,2,0,1007,1,1586.78,2,1,2,2884.529159292036
271510,20-07-1976,M,1,1,1078,1,889.52,1,2,1,2504.688516949152
274460,20-07-1976,M,1,0,379,1,1328.21,4,3,1,4224.888571428572
266942,03-08-1976,M,4,0,1146,1,7397.98,1,1,4,2505.64496
274035,09-08-1976,M,9,3,1286,3,23221.58,1,4,4,6567.448333333333
271982,10-08-1976,M,8,1,952,1,2740.4,2,2,2,2778.987763157896
273760,11-08-1976,M,9,0,914,1,2267.46,2,2,2,2778.987763157896
272739,15-08-1976,M,4,1,516,2,4976.92,3,4,3,6762.504741379312
269213,20-08-1976,M,3,0,834,1,1537.06,2,1,2,2884.529159292036
271213,28-08-1976,M,4,0,1042,1,2428.79,2,2,2,2778.987763157896
270581,04-09-1976,M,4,2,587,4,5827.77,3,4,4,6762.504741379312
271762,06-09-1976,M,4,1,633,1,5441.02,3,2,3,2721.3525625
272697,23-09-1976,M,5,3,730,1,899.47,3,2,1,2721.3525625
271168,25-09-1976,M,4,0,1051,2,3801.2,2,4,3,6461.743134328361
273828,29-09-1976,M,3,0,1180,1,1597.83,1,2,2,2504.688516949152
275030,08-10-1976,M,3,1,849,2,10361.58,2,4,4,6461.743134328361
274429,14-10-1976,M,4,0,458,1,1142.57,4,3,1,4224.888571428572
268961,14-10-1976,M,3,2,1370,1,3650.92,1,1,3,2505.64496
268367,16-10-1976,M,10,0,981,2,3860.87,2,3,3,3834.2104210526313
273473,19-10-1976,M,6,0,541,1,281.77,3,2,1,2721.3525625
274582,20-10-1976,M,1,3,1291,2,2230.99,1,4,2,6567.448333333333
274066,26-10-1976,M,8,3,741,1,8265.4,3,3,4,3882.849653465345
273444,28-10-1976,M,5,3,653,1,3994.57,3,2,3,2721.3525625
272896,01-11-1976,M,4,0,692,1,519.35,3,2,1,2721.3525625
275184,01-11-1976,M,5,0,552,3,10751.65,3,4,4,6762.504741379312
271541,03-11-1976,M,7,0,536,1,1286.22,3,2,1,2721.3525625
270018,03-11-1976,M,6,0,551,1,3166.93,3,1,3,2695.92375
275163,05-11-1976,M,6,3,936,1,2920.51,2,3,2,3834.2104210526313
269087,06-11-1976,M,3,0,1347,1,3076.32,1,1,2,2505.64496
272676,23-11-1976,M,2,3,518,2,3749.26,3,4,3,6762.504741379312
272520,27-12-1976,M,5,2,509,1,2669.68,3,2,2,2721.3525625
273313,04-01-1977,M,10,3,814,1,3112.78,2,2,2,2778.987763157896
269771,05-01-1977,M,6,0,1187,1,5922.8,1,1,4,2505.64496
267322,10-01-1977,M,10,0,1389,1,1158.04,1,1,1,2505.64496
268513,11-01-1977,M,10,3,827,1,931.51,2,1,1,2884.529159292036
270664,11-01-1977,M,4,2,1361,1,2480.72,1,2,2,2504.688516949152
268369,20-01-1977,M,3,0,385,2,3776.89,4,3,3,4224.888571428572
267740,21-01-1977,M,2,2,308,6,7002.39,4,4,4,6915.3110000000015
270935,25-01-1977,M,6,3,531,1,2807.8,3,2,2,2721.3525625
269939,27-01-1977,M,10,0,1164,1,1248.65,1,1,1,2505.64496
267633,29-01-1977,M,6,0,866,1,1372.41,2,1,1,2884.529159292036
273091,03-02-1977,M,6,3,688,2,2587.91,3,4,2,6762.504741379312
268763,09-02-1977,M,1,3,523,1,1153.62,3,1,1,2695.92375
266903,10-02-1977,M,10,0,923,1,3624.4,2,1,3,2884.529159292036
274787,20-02-1977,M,8,2,638,2,5674.18,3,4,4,6762.504741379312
272075,23-02-1977,M,7,3,834,1,1600.04,2,2,2,2778.987763157896
272569,07-03-1977,M,4,1,872,1,3596.78,2,2,3,2778.987763157896
275252,09-03-1977,M,6,2,1316,1,596.7,1,3,1,3765.3049473684223
274383,10-03-1977,M,8,0,590,1,2709.46,3,3,2,3882.849653465345
272019,14-03-1977,M,2,1,323,3,10615.74,4,4,4,6915.3110000000015
268054,26-03-1977,M,8,1,1348,1,2393.43,1,1,2,2505.64496
274436,29-03-1977,M,5,2,1249,1,4795.7,1,3,3,3765.3049473684223
271295,29-03-1977,M,9,0,871,1,878.48,2,2,1,2778.987763157896
273850,03-04-1977,M,5,0,881,2,1572.41,2,4,2,6461.743134328361
268189,09-04-1977,M,7,0,513,1,5348.2,3,1,3,2695.92375
272189,13-04-1977,M,9,0,593,1,1362.46,3,2,1,2721.3525625
271496,17-04-1977,M,5,0,419,2,6424.47,4,4,4,6915.3110000000015
268874,18-04-1977,M,5,1,363,2,4947.09,4,3,3,4224.888571428572
268894,27-04-1977,M,4,0,450,2,2268.57,4,3,2,4224.888571428572
266888,29-04-1977,M,3,0,1075,1,2831.01,1,1,2,2505.64496
269930,29-04-1977,M,10,0,923,1,2911.68,2,1,2,2884.529159292036
267075,03-05-1977,M,10,0,1227,1,2622.16,1,1,2,2505.64496
275179,16-05-1977,M,7,2,705,2,6878.62,3,4,4,6762.504741379312
274900,17-05-1977,M,9,2,444,1,3143.72,4,3,3,4224.888571428572
274481,26-05-1977,M,4,0,1329,1,7867.6,1,3,4,3765.3049473684223
269589,27-05-1977,M,1,0,1318,1,735.93,1,1,1,2505.64496
273231,01-06-1977,M,7,1,1195,1,1800.05,1,2,2,2504.688516949152
269253,12-06-1977,M,2,0,762,2,4331.6,2,3,3,3834.2104210526313
267244,16-06-1977,M,2,1,1402,1,2386.8,1,1,2,2505.64496
268027,19-06-1977,M,4,0,1037,1,3060.85,2,1,2,2884.529159292036
271918,21-06-1977,M,2,2,361,1,403.32,4,2,1,2467.866818181818
267448,07-07-1977,M,1,2,1087,1,6112.86,1,1,4,2505.64496
268077,03-08-1977,M,5,3,1224,1,890.63,1,1,1,2505.64496
273359,05-08-1977,M,7,0,452,1,146.97,4,2,1,2467.866818181818
269965,09-08-1977,M,3,3,475,3,3907.28,4,4,3,6915.3110000000015
268449,14-08-1977,M,2,0,1221,1,3348.15,1,1,3,2505.64496
268339,21-08-1977,M,2,0,642,3,2239.84,3,4,2,6762.504741379312
267208,02-09-1977,M,8,3,656,1,1034.28,3,1,1,2695.92375
269729,11-09-1977,M,2,0,906,1,1250.86,2,1,1,2884.529159292036
270623,11-09-1977,M,3,3,740,1,1502.8,3,2,2,2721.3525625
272244,27-09-1977,M,10,0,938,1,2687.36,2,2,2,2778.987763157896
269328,28-09-1977,M,7,0,947,1,2181.27,2,1,2,2884.529159292036
271292,19-10-1977,M,6,0,1081,1,742.56,1,2,1,2504.688516949152
271858,24-10-1977,M,2,0,1077,1,773.5,1,2,1,2504.688516949152
270226,27-10-1977,M,5,0,485,1,1986.79,4,1,2,2495.183644067797
272862,01-11-1977,M,9,0,340,1,1989.0,4,2,2,2467.866818181818
273547,05-11-1977,M,1,1,982,1,6037.72,2,2,4,2778.987763157896
268166,05-11-1977,M,5,0,1042,1,3036.54,2,1,2,2884.529159292036
270405,05-11-1977,M,10,0,341,1,1794.52,4,2,2,2467.866818181818
272719,10-11-1977,M,4,0,763,1,3021.07,2,2,2,2778.987763157896
269055,11-11-1977,M,4,2,810,3,6161.48,2,4,4,6461.743134328361
273945,12-11-1977,M,10,0,1249,1,917.15,1,3,1,3765.3049473684223
268543,19-11-1977,M,10,0,586,3,2150.33,3,4,2,6762.504741379312
272987,20-11-1977,M,2,0,389,2,4263.09,4,4,3,6915.3110000000015
272509,27-11-1977,M,3,1,937,1,685.1,2,2,1,2778.987763157896
270229,01-12-1977,M,9,0,1141,2,1938.17,1,3,2,3765.3049473684223
271970,06-12-1977,M,3,0,759,2,3747.05,3,4,3,6762.504741379312
269005,16-12-1977,M,7,0,377,4,8841.1,4,4,4,6915.3110000000015
273983,06-01-1978,M,8,1,1150,1,5189.08,1,3,3,3765.3049473684223
269670,07-01-1978,M,3,1,1172,1,4833.27,1,1,3,2505.64496
268880,16-01-1978,M,9,0,606,1,1255.28,3,1,1,2695.92375
268133,23-01-1978,M,3,3,1268,1,2768.03,1,1,2,2505.64496
269760,23-01-1978,M,7,1,712,2,7259.85,3,3,4,3882.849653465345
271730,25-01-1978,M,6,0,694,1,2996.76,3,2,2,2721.3525625
274069,27-01-1978,M,6,1,1366,1,1793.41,1,3,2,3765.3049473684223
274703,29-01-1978,M,2,1,1127,2,11442.27,1,4,4,6567.448333333333
274854,07-02-1978,M,1,0,1424,1,202.22,1,3,1,3765.3049473684223
268984,09-02-1978,M,2,0,1060,1,2386.8,2,1,2,2884.529159292036
268701,22-02-1978,M,5,2,415,4,16782.74,4,4,4,6915.3110000000015
271896,24-02-1978,M,9,0,1302,1,191.16,1,2,1,2504.688516949152
268279,06-03-1978,M,3,1,485,2,4322.76,4,3,3,4224.888571428572
269148,07-03-1978,M,9,0,995,1,101.66,2,1,1,2884.529159292036
274301,14-03-1978,M,5,2,1102,1,1564.68,1,3,2,3765.3049473684223
271731,18-03-1978,M,8,0,1199,2,3138.2,1,4,3,6567.448333333333
270398,26-03-1978,M,10,3,355,1,2410.01,4,2,2,2467.866818181818
267084,27-03-1978,M,1,1,719,3,6063.13,3,4,4,6762.504741379312
273075,05-04-1978,M,8,0,798,2,4892.94,2,4,3,6461.743134328361
270126,08-04-1978,M,5,0,820,1,1114.94,2,1,1,2884.529159292036
270258,16-04-1978,M,1,1,381,2,5270.85,4,3,3,4224.888571428572
270751,19-04-1978,M,3,0,1081,1,129.28,1,2,1,2504.688516949152
272973,21-04-1978,M,9,0,552,1,1078.48,3,2,1,2721.3525625
269647,22-04-1978,M,6,2,1242,2,11911.9,1,3,4,3765.3049473684223
272020,07-05-1978,M,6,2,488,2,6170.32,4,4,4,6915.3110000000015
267014,08-05-1978,M,2,3,709,4,22261.33,3,4,4,6762.504741379312
267129,13-05-1978,M,6,3,609,1,3358.09,3,1,3,2695.92375
270030,21-05-1978,M,8,1,454,3,13653.38,4,4,4,6915.3110000000015
270152,22-05-1978,M,7,2,749,1,4296.24,3,1,3,2695.92375
273395,24-05-1978,M,3,0,1107,2,3922.75,1,4,3,6567.448333333333
267759,29-05-1978,M,7,3,1069,1,5967.0,1,1,4,2505.64496
273914,08-06-1978,M,10,3,789,2,2552.55,2,4,2,6461.743134328361
267343,12-06-1978,M,9,3,318,2,6705.14,4,3,4,4224.888571428572
274322,12-06-1978,M,6,0,704,1,3184.61,3,3,3,3882.849653465345
269586,21-06-1978,M,9,0,453,2,2900.62,4,3,2,4224.888571428572
270892,03-07-1978,M,6,2,1353,1,1352.52,1,2,1,2504.688516949152
270772,06-07-1978,M,4,0,895,1,932.62,2,2,1,2778.987763157896
275206,15-07-1978,M,7,2,501,2,7169.24,3,4,4,6762.504741379312
269417,29-07-1978,M,7,3,400,2,2923.83,4,3,2,4224.888571428572
267482,29-07-1978,M,7,3,1004,2,3338.2,2,3,3,3834.2104210526313
268076,07-08-1978,M,8,0,955,1,839.8,2,1,1,2884.529159292036
272949,08-08-1978,M,8,1,414,4,11913.0,4,4,4,6915.3110000000015
274718,09-08-1978,M,6,2,1300,1,3155.88,1,3,3,3765.3049473684223
269090,14-08-1978,M,7,3,342,1,1348.1,4,1,1,2495.183644067797
268838,18-08-1978,M,7,2,1283,1,3679.65,1,1,3,2505.64496
271274,20-08-1978,M,4,2,744,1,1195.61,3,2,1,2721.3525625
269963,26-08-1978,M,2,0,344,1,3600.09,4,1,3,2495.183644067797
271580,06-09-1978,M,7,3,423,4,15041.26,4,4,4,6915.3110000000015
270310,09-09-1978,M,10,0,1154,2,1078.48,1,3,1,3765.3049473684223
270749,13-09-1978,M,10,0,185,1,3743.74,4,2,3,2467.866818181818
273767,14-09-1978,M,10,0,968,1,1077.38,2,2,1,2778.987763157896
272217,15-09-1978,M,10,0,1397,1,844.22,1,2,1,2504.688516949152
267372,17-09-1978,M,7,0,818,1,1613.3,2,1,2,2884.529159292036
269717,22-09-1978,M,10,0,1237,1,1624.35,1,1,2,2505.64496
274825,24-09-1978,M,3,0,1018,2,5160.35,2,4,3,6461.743134328361
271716,04-10-1978,M,9,1,1094,1,5803.46,1,2,4,2504.688516949152
273912,08-10-1978,M,8,0,1249,1,937.04,1,3,1,3765.3049473684223
274591,28-10-1978,M,10,0,804,2,3303.95,2,4,3,6461.743134328361
271989,02-11-1978,M,3,3,665,3,13419.12,3,4,4,6762.504741379312
269066,05-11-1978,M,6,0,1356,1,970.19,1,1,1,2505.64496
275076,06-11-1978,M,5,0,1196,1,355.81,1,3,1,3765.3049473684223
271923,07-11-1978,M,3,0,1308,1,2251.99,1,2,2,2504.688516949152
269236,09-11-1978,M,1,0,638,1,838.7,3,1,1,2695.92375
274604,13-11-1978,M,8,0,925,1,2152.54,2,3,2,3834.2104210526313
273673,14-11-1978,M,10,2,757,1,4173.59,3,2,3,2721.3525625
275225,15-11-1978,M,1,3,245,3,6996.86,4,4,4,6915.3110000000015
274503,22-11-1978,M,5,3,722,1,419.9,3,3,1,3882.849653465345
268220,22-11-1978,M,10,0,434,1,1144.78,4,1,1,2495.183644067797
268756,25-11-1978,M,6,3,391,2,4733.82,4,3,3,4224.888571428572
275017,29-11-1978,M,8,1,1107,2,8353.8,1,4,4,6567.448333333333
269441,06-12-1978,M,2,0,1122,2,1829.88,1,3,2,3765.3049473684223
268148,21-12-1978,M,5,3,547,2,1732.64,3,3,2,3882.849653465345
271392,23-12-1978,M,4,0,711,1,2227.68,3,2,2,2721.3525625
274580,26-12-1978,M,5,0,575,1,1885.13,3,3,2,3882.849653465345
267237,01-01-1979,M,8,0,1160,1,1947.01,1,1,2,2505.64496
269613,03-01-1979,M,8,0,415,1,4116.12,4,1,3,2495.183644067797
269330,04-01-1979,M,7,0,1131,2,6772.55,1,3,4,3765.3049473684223
270824,11-01-1979,M,9,0,804,2,10280.92,2,3,4,3834.2104210526313
274425,13-01-1979,M,8,3,346,1,3954.8,4,3,3,4224.888571428572
269332,23-01-1979,M,5,0,537,1,2950.35,3,1,2,2695.92375
275244,01-02-1979,M,8,2,1381,2,5277.48,1,4,3,6567.448333333333
274645,07-02-1979,M,9,0,1105,1,1644.24,1,3,2,3765.3049473684223
274227,18-02-1979,M,6,3,354,3,10951.66,4,4,4,6915.3110000000015
271118,18-02-1979,M,3,3,431,1,1162.46,4,2,1,2467.866818181818
269216,26-02-1979,M,7,0,983,1,3619.98,2,1,3,2884.529159292036
272557,28-02-1979,M,8,1,1116,2,4652.05,1,4,3,6567.448333333333
272861,04-03-1979,M,5,0,540,1,1518.27,3,2,2,2721.3525625
274461,06-03-1979,M,8,0,465,3,8667.62,4,4,4,6915.3110000000015
273856,06-03-1979,M,2,0,448,1,7099.62,4,3,4,4224.888571428572
272815,09-03-1979,M,4,1,1116,2,2645.37,1,4,2,6567.448333333333
270480,15-03-1979,M,5,1,784,2,4648.74,2,3,3,3834.2104210526313
274838,24-03-1979,M,10,3,540,1,1511.64,3,3,2,3882.849653465345
267783,07-04-1979,M,5,0,1040,1,1866.35,2,1,2,2884.529159292036
271310,23-04-1979,M,5,0,466,1,7375.88,4,2,4,2467.866818181818
266846,24-04-1979,M,2,0,984,1,5153.72,2,1,3,2884.529159292036
268131,11-05-1979,M,5,0,698,1,945.88,3,1,1,2695.92375
271763,14-05-1979,M,7,3,1138,3,4641.0,1,4,3,6567.448333333333
271004,23-05-1979,M,7,3,955,1,4878.57,2,2,3,2778.987763157896
270544,24-05-1979,M,6,0,497,3,7174.77,4,4,4,6915.3110000000015
270151,05-06-1979,M,10,1,817,2,5832.19,2,3,4,3834.2104210526313
272951,07-06-1979,M,5,0,557,2,1520.48,3,4,2,6762.504741379312
267940,09-06-1979,M,9,0,1245,2,1902.81,1,3,2,3765.3049473684223
269117,10-06-1979,M,9,0,424,1,555.82,4,1,1,2495.183644067797
274375,17-06-1979,M,4,2,339,2,2828.8,4,4,2,6915.3110000000015
269758,24-06-1979,M,3,1,1,5,12707.5,4,4,4,6915.3110000000015
269006,24-06-1979,M,2,0,455,1,2176.85,4,1,2,2495.183644067797
272400,27-06-1979,M,4,0,404,1,3279.64,4,2,3,2467.866818181818
272127,29-06-1979,M,3,2,973,1,3973.58,2,2,3,2778.987763157896
273728,01-07-1979,M,3,2,1051,3,8442.2,2,4,4,6461.743134328361
267859,15-07-1979,M,5,2,1105,1,3155.88,1,1,3,2505.64496
273709,15-07-1979,M,5,0,646,1,2713.88,3,2,2,2721.3525625
269870,20-07-1979,M,10,0,1315,1,2271.88,1,1,2,2505.64496
273156,27-07-1979,M,4,0,675,1,2170.22,3,2,2,2721.3525625
273034,14-08-1979,M,3,0,1125,1,1091.74,1,2,1,2504.688516949152
273160,22-08-1979,M,8,1,387,5,15787.14,4,4,4,6915.3110000000015
273918,28-08-1979,M,3,2,1371,1,3906.18,1,3,3,3765.3049473684223
273873,06-09-1979,M,2,0,1155,3,7310.68,1,4,4,6567.448333333333
267668,10-09-1979,M,5,1,469,4,14194.83,4,4,4,6915.3110000000015
271426,27-09-1979,M,4,1,513,2,3496.22,3,4,3,6762.504741379312
267832,04-10-1979,M,9,1,797,2,6695.19,2,3,4,3834.2104210526313
268067,14-10-1979,M,3,0,1200,1,826.54,1,1,1,2505.64496
274205,16-10-1979,M,2,0,1030,1,1367.99,2,3,1,3834.2104210526313
269950,17-10-1979,M,2,2,793,2,9070.94,2,3,4,3834.2104210526313
267538,03-11-1979,M,4,2,840,1,5869.76,2,1,4,2884.529159292036
269728,09-11-1979,M,8,3,792,2,1308.32,2,3,1,3834.2104210526313
271666,10-11-1979,M,4,0,1045,1,711.62,2,2,1,2778.987763157896
274462,14-11-1979,M,5,3,1210,1,2287.35,1,3,2,3765.3049473684223
271987,24-11-1979,M,2,1,1021,1,2442.05,2,2,2,2778.987763157896
267286,24-11-1979,M,1,1,364,2,4375.8,4,3,3,4224.888571428572
271664,25-11-1979,M,7,2,821,1,3102.84,2,2,2,2778.987763157896
270078,29-11-1979,M,4,0,744,2,6465.36,3,3,4,3882.849653465345
273251,29-11-1979,M,2,2,314,3,7827.82,4,4,4,6915.3110000000015
274942,03-12-1979,M,3,2,949,2,6480.83,2,4,4,6461.743134328361
267068,04-12-1979,M,6,0,1165,1,2615.53,1,1,2,2505.64496
271442,12-12-1979,M,5,3,569,1,1701.7,3,2,2,2721.3525625
273381,15-12-1979,M,4,1,648,3,9584.77,3,4,4,6762.504741379312
269879,17-12-1979,M,2,0,871,1,287.3,2,1,1,2884.529159292036
270004,01-01-1980,M,7,0,482,2,4796.81,4,3,3,4224.888571428572
267015,02-01-1980,M,7,2,528,1,8066.5,3,1,4,2695.92375
267667,05-01-1980,M,6,0,732,1,1063.01,3,1,1,2695.92375
272152,13-01-1980,M,8,2,1095,1,2484.04,1,2,2,2504.688516949152
270692,13-01-1980,M,10,0,1422,1,8226.73,1,2,4,2504.688516949152
268379,15-01-1980,M,9,0,596,2,2687.36,3,3,2,3882.849653465345
269457,20-01-1980,M,1,0,676,1,108.29,3,1,1,2695.92375
273085,22-01-1980,M,7,1,1347,1,4461.99,1,2,3,2504.688516949152
271820,14-02-1980,M,3,2,1022,1,2541.5,2,2,2,2778.987763157896
271297,17-02-1980,M,10,3,1194,1,3281.85,1,2,3,2504.688516949152
268467,20-02-1980,M,1,0,1301,2,4274.14,1,3,3,3765.3049473684223
269120,24-02-1980,M,8,0,769,1,122.66,2,1,1,2884.529159292036
273759,03-03-1980,M,3,0,1248,1,1365.78,1,2,1,2504.688516949152
274864,04-03-1980,M,7,3,1225,1,5326.1,1,3,3,3765.3049473684223
273103,05-03-1980,M,2,3,471,1,3364.72,4,2,3,2467.866818181818
273839,08-03-1980,M,9,0,962,1,790.08,2,3,1,3834.2104210526313
273270,11-03-1980,M,9,0,385,2,2689.57,4,4,2,6915.3110000000015
274119,15-03-1980,M,10,0,912,1,2656.42,2,3,2,3834.2104210526313
273555,17-03-1980,M,7,2,1345,1,3198.97,1,2,3,2504.688516949152
272659,25-03-1980,M,7,0,456,1,3311.68,4,2,3,2467.866818181818
273913,27-03-1980,M,5,3,476,4,14219.14,4,4,4,6915.3110000000015
269089,29-03-1980,M,3,0,513,3,4502.88,3,4,3,6762.504741379312
275052,22-04-1980,M,8,3,812,3,2673.0,2,4,2,6461.743134328361
272456,24-04-1980,M,10,3,502,4,1922.7,3,4,2,6762.504741379312
273969,24-04-1980,M,9,0,626,1,4057.56,3,3,3,3882.849653465345
273570,25-04-1980,M,5,0,155,3,8855.47,4,4,4,6915.3110000000015
271912,01-05-1980,M,10,0,291,1,3177.98,4,2,3,2467.866818181818
269275,07-05-1980,M,3,0,548,1,2277.41,3,1,2,2695.92375
267317,08-05-1980,M,7,0,1199,1,3650.92,1,1,3,2505.64496
271834,12-05-1980,M,9,0,1172,1,6501.82,1,2,4,2504.688516949152
274521,16-05-1980,M,8,0,93,1,1458.6,4,3,1,4224.888571428572
275224,26-05-1980,M,4,2,1380,2,2333.76,1,4,2,6567.448333333333
268149,10-06-1980,M,3,2,421,2,3074.11,4,3,2,4224.888571428572
274685,20-06-1980,M,2,0,424,1,1206.66,4,3,1,4224.888571428572
269386,21-06-1980,M,5,1,863,1,888.42,2,1,1,2884.529159292036
272494,26-06-1980,M,7,1,434,3,10789.22,4,4,4,6915.3110000000015
269101,27-06-1980,M,7,2,621,1,8276.45,3,1,4,2695.92375
274259,03-07-1980,M,9,0,476,1,1209.97,4,3,1,4224.888571428572
273780,13-07-1980,M,2,1,1190,2,12959.44,1,4,4,6567.448333333333
269377,13-07-1980,M,7,0,885,1,534.82,2,1,1,2884.529159292036
272437,13-07-1980,M,6,3,341,2,7639.97,4,4,4,6915.3110000000015
267358,22-07-1980,M,2,0,838,2,2271.88,2,3,2,3834.2104210526313
267906,24-07-1980,M,10,3,813,1,6130.54,2,1,4,2884.529159292036
274625,28-07-1980,M,1,3,761,1,706.1,3,3,1,3882.849653465345
269372,12-08-1980,M,6,1,955,2,6727.24,2,3,4,3834.2104210526313
272354,14-08-1980,M,10,3,1076,2,8454.35,1,4,4,6567.448333333333
270954,24-08-1980,M,4,0,704,1,1542.58,3,2,2,2721.3525625
274641,02-09-1980,M,4,3,762,1,5955.95,2,3,4,3834.2104210526313
274023,04-09-1980,M,10,0,472,2,2718.3,4,4,2,6915.3110000000015
275057,17-09-1980,M,7,0,632,1,520.46,3,3,1,3882.849653465345
272471,23-09-1980,M,8,3,1383,1,6462.04,1,2,4,2504.688516949152
270453,29-09-1980,M,5,3,667,3,5137.15,3,4,3,6762.504741379312
275047,07-10-1980,M,4,0,939,1,5298.48,2,3,3,3834.2104210526313
267918,17-10-1980,M,6,1,644,1,1414.4,3,1,1,2695.92375
267364,21-10-1980,M,8,1,1089,1,4270.82,1,1,3,2505.64496
268162,22-10-1980,M,9,2,1024,1,5741.58,2,1,4,2884.529159292036
272077,28-10-1980,M,5,0,526,1,2912.78,3,2,2,2721.3525625
271039,04-11-1980,M,3,3,1327,1,5653.18,1,2,4,2504.688516949152
271705,15-11-1980,M,10,0,1308,1,1394.51,1,2,1,2504.688516949152
269267,16-11-1980,M,7,1,1030,1,4884.1,2,1,3,2884.529159292036
270807,25-11-1980,M,9,0,945,2,9233.38,2,3,4,3834.2104210526313
273897,27-11-1980,M,7,2,1107,2,5049.85,1,4,3,6567.448333333333
274722,27-11-1980,M,7,3,371,1,4574.7,4,3,3,4224.888571428572
273032,02-12-1980,M,5,1,1096,1,4120.55,1,2,3,2504.688516949152
270039,03-12-1980,M,3,3,1138,1,6515.08,1,1,4,2505.64496
271824,03-12-1980,M,5,0,543,1,2718.3,3,2,2,2721.3525625
268600,04-12-1980,M,4,0,840,1,6143.8,2,1,4,2884.529159292036
271381,04-12-1980,M,6,2,642,2,3447.6,3,4,3,6762.504741379312
269394,09-12-1980,M,4,0,387,1,603.33,4,1,1,2495.183644067797
269501,12-12-1980,M,2,0,1144,1,4521.66,1,1,3,2505.64496
269864,14-12-1980,M,5,2,1093,2,5456.49,1,3,3,3765.3049473684223
271461,16-12-1980,M,5,3,345,2,3975.79,4,4,3,6915.3110000000015
270055,16-12-1980,M,4,1,943,1,2139.28,2,1,2,2884.529159292036
272665,22-12-1980,M,3,0,844,1,1337.05,2,2,1,2778.987763157896
270362,01-01-1981,M,6,3,585,2,6406.79,3,3,4,3882.849653465345
269316,02-01-1981,M,8,0,398,1,2048.67,4,1,2,2495.183644067797
274902,07-01-1981,M,1,0,1229,1,3726.06,1,3,3,3765.3049473684223
275245,07-01-1981,M,10,0,503,1,4380.22,3,3,3,3882.849653465345
274925,10-01-1981,M,2,3,902,2,4243.2,2,4,3,6461.743134328361
272928,12-01-1981,M,7,2,847,1,5403.45,2,2,3,2778.987763157896
270029,14-01-1981,M,7,0,988,1,6967.02,2,1,4,2884.529159292036
273962,20-01-1981,M,5,2,521,2,8132.8,3,4,4,6762.504741379312
274370,28-01-1981,M,2,3,936,1,4300.66,2,3,3,3834.2104210526313
269269,04-02-1981,M,1,0,1067,2,8725.08,1,3,4,3765.3049473684223
274071,12-02-1981,M,5,1,1381,1,3657.55,1,3,3,3765.3049473684223
273952,16-02-1981,M,9,0,484,1,1001.13,4,3,1,4224.888571428572
270597,21-02-1981,M,2,3,700,2,2728.24,3,3,2,3882.849653465345
269385,03-03-1981,M,2,3,1020,1,1049.75,2,1,1,2884.529159292036
273522,08-03-1981,M,2,0,783,1,2707.25,2,2,2,2778.987763157896
271162,15-03-1981,M,9,2,495,3,5454.28,4,4,3,6915.3110000000015
271317,18-03-1981,M,6,3,596,1,3086.26,3,2,2,2721.3525625
274959,28-03-1981,M,1,3,953,2,10931.76,2,4,4,6461.743134328361
274278,29-03-1981,M,4,1,660,2,1148.1,3,4,1,6762.504741379312
267934,03-04-1981,M,10,1,1190,3,14382.68,1,4,4,6567.448333333333
270663,04-04-1981,M,10,0,1222,1,4950.4,1,2,3,2504.688516949152
272540,04-04-1981,M,4,2,684,2,4581.33,3,4,3,6762.504741379312
272549,10-04-1981,M,6,3,788,3,4347.07,2,4,3,6461.743134328361
274904,14-04-1981,M,3,0,1287,1,193.38,1,3,1,3765.3049473684223
269886,17-04-1981,M,7,0,860,1,468.52,2,1,1,2884.529159292036
271181,18-04-1981,M,8,0,1078,2,7989.15,1,4,4,6567.448333333333
270563,20-04-1981,M,4,0,940,1,518.25,2,2,1,2778.987763157896
269220,28-04-1981,M,1,0,1333,1,2227.68,1,1,2,2505.64496
272780,04-05-1981,M,10,0,1064,1,3189.03,1,2,3,2504.688516949152
274533,19-05-1981,M,4,1,406,1,2523.82,4,3,2,4224.888571428572
268983,21-05-1981,M,3,0,364,1,3254.22,4,1,3,2495.183644067797
274415,22-05-1981,M,1,1,648,5,26374.14,3,4,4,6762.504741379312
269802,26-05-1981,M,1,2,735,3,11181.5,3,4,4,6762.504741379312
267748,29-05-1981,M,1,0,879,2,1059.69,2,3,1,3834.2104210526313
272350,07-06-1981,M,8,0,1149,1,1200.03,1,2,1,2504.688516949152
273384,03-07-1981,M,9,0,426,1,6027.77,4,2,4,2467.866818181818
267325,05-07-1981,M,1,1,472,3,6306.23,4,4,4,6915.3110000000015
271733,12-07-1981,M,9,0,377,1,2853.11,4,2,2,2467.866818181818
268734,13-07-1981,M,4,2,595,3,7674.22,3,4,4,6762.504741379312
270330,13-07-1981,M,3,3,355,2,11545.04,4,3,4,4224.888571428572
270547,19-07-1981,M,5,0,574,1,1003.34,3,2,1,2721.3525625
274767,20-07-1981,M,8,1,124,4,9067.63,4,4,4,6915.3110000000015
271601,20-07-1981,M,5,2,1276,2,2368.02,1,4,2,6567.448333333333
269329,21-07-1981,M,4,2,444,1,3591.25,4,1,3,2495.183644067797
270809,01-08-1981,M,4,0,355,1,1729.33,4,2,2,2467.866818181818
272817,02-08-1981,M,6,0,1170,1,388.96,1,2,1,2504.688516949152
269949,04-08-1981,M,2,3,361,3,13878.8,4,4,4,6915.3110000000015
267632,07-08-1981,M,8,0,360,1,1538.16,4,1,2,2495.183644067797
270511,13-08-1981,M,6,3,1247,1,1007.76,1,2,1,2504.688516949152
269073,14-08-1981,M,10,0,1242,1,446.42,1,1,1,2505.64496
274094,18-08-1981,M,1,2,871,1,2701.72,2,3,2,3834.2104210526313
269799,04-09-1981,M,10,0,456,2,10864.36,4,3,4,4224.888571428572
267775,08-09-1981,M,10,0,1088,1,1065.22,1,1,1,2505.64496
271077,15-09-1981,M,7,1,347,2,1840.93,4,4,2,6915.3110000000015
272963,22-09-1981,M,1,1,711,2,7259.85,3,4,4,6762.504741379312
273992,29-09-1981,M,8,0,1083,1,2585.7,1,3,2,3765.3049473684223
267236,08-10-1981,M,8,0,1335,1,1916.07,1,1,2,2505.64496
270459,08-10-1981,M,6,2,1322,1,6221.15,1,2,4,2504.688516949152
272667,09-10-1981,M,7,0,1106,1,5737.16,1,2,4,2504.688516949152
270146,09-11-1981,M,8,2,534,2,6649.89,3,3,4,3882.849653465345
274390,17-11-1981,M,4,2,835,1,6944.93,2,3,4,3834.2104210526313
269481,17-11-1981,M,1,1,598,2,4874.16,3,3,3,3882.849653465345
268383,17-11-1981,M,9,0,439,1,2448.68,4,1,2,2495.183644067797
267426,18-11-1981,M,1,0,337,1,213.26,4,1,1,2495.183644067797
271432,20-11-1981,M,5,0,1407,1,1412.19,1,2,1,2504.688516949152
274022,22-11-1981,M,1,3,350,1,1093.95,4,3,1,4224.888571428572
267577,24-11-1981,M,7,0,683,1,959.14,3,1,1,2695.92375
272473,25-11-1981,M,7,3,416,5,10282.02,4,4,4,6915.3110000000015
273369,01-12-1981,M,4,0,831,2,2711.67,2,4,2,6461.743134328361
274655,03-12-1981,M,9,3,431,2,7364.82,4,4,4,6915.3110000000015
267302,07-12-1981,M,9,0,1058,2,3537.11,2,3,3,3834.2104210526313
271239,14-12-1981,M,5,3,382,2,8697.45,4,4,4,6915.3110000000015
269233,20-12-1981,M,9,2,403,4,10506.34,4,4,4,6915.3110000000015
267768,20-12-1981,M,3,2,360,4,2168.01,4,4,2,6915.3110000000015
272411,26-12-1981,M,9,2,538,2,5995.73,3,4,4,6762.504741379312
271656,03-01-1982,M,6,1,1198,1,1233.18,1,2,1,2504.688516949152
268371,05-01-1982,M,1,0,624,1,412.17,3,1,1,2695.92375
269402,12-01-1982,M,3,0,1426,1,861.9,1,1,1,2505.64496
271961,15-01-1982,M,1,0,822,1,754.72,2,2,1,2778.987763157896
267560,03-02-1982,M,2,0,871,1,2227.68,2,1,2,2884.529159292036
267774,08-02-1982,M,4,0,1085,1,1288.43,1,1,1,2505.64496
274644,12-02-1982,M,8,0,1195,1,1569.1,1,3,2,3765.3049473684223
269318,26-02-1982,M,4,3,719,1,2740.4,3,1,2,2695.92375
268478,06-03-1982,M,6,0,1062,1,447.52,1,1,1,2505.64496
270349,07-03-1982,M,2,0,781,2,5957.05,2,3,4,3834.2104210526313
273598,27-03-1982,M,9,3,293,1,3337.1,4,2,3,2467.866818181818
267216,09-04-1982,M,8,0,705,1,3102.84,3,1,2,2695.92375
268359,13-04-1982,M,2,0,851,1,5052.06,2,1,3,2884.529159292036
271460,17-04-1982,M,3,3,504,3,10417.94,3,4,4,6762.504741379312
274186,20-04-1982,M,3,1,1283,1,3880.76,1,3,3,3765.3049473684223
270091,20-04-1982,M,4,1,1323,2,6895.2,1,3,4,3765.3049473684223
274451,05-05-1982,M,7,1,1122,1,945.88,1,3,1,3765.3049473684223
272807,05-05-1982,M,4,0,817,1,812.17,2,2,1,2778.987763157896
268292,06-05-1982,M,7,1,834,2,6033.3,2,3,4,3834.2104210526313
272115,10-05-1982,M,10,0,1116,1,1175.72,1,2,1,2504.688516949152
271383,11-05-1982,M,6,0,644,1,865.22,3,2,1,2721.3525625
274689,15-05-1982,M,6,3,292,1,4428.84,4,3,3,4224.888571428572
271357,22-05-1982,M,8,1,596,1,3457.55,3,2,3,2721.3525625
274045,03-06-1982,M,7,0,564,1,1714.96,3,3,2,3882.849653465345
272513,17-06-1982,M,10,0,1310,1,2826.59,1,2,2,2504.688516949152
267152,24-06-1982,M,6,3,408,2,5946.0,4,3,4,4224.888571428572
269451,02-07-1982,M,4,3,597,2,9340.57,3,3,4,3882.849653465345
271233,03-07-1982,M,3,0,2,2,2652.0,4,4,2,6915.3110000000015
272544,11-07-1982,M,3,0,1013,1,2466.36,2,2,2,2778.987763157896
274803,17-07-1982,M,6,0,913,1,6369.22,2,3,4,3834.2104210526313
268812,20-07-1982,M,3,0,380,1,3486.28,4,1,3,2495.183644067797
274362,01-08-1982,M,10,0,983,1,3010.02,2,3,2,3834.2104210526313
271447,12-08-1982,M,8,0,1235,1,2331.55,1,2,2,2504.688516949152
270049,12-08-1982,M,7,0,1191,1,2943.72,1,1,2,2505.64496
272686,14-08-1982,M,10,0,367,1,281.77,4,2,1,2467.866818181818
270162,14-08-1982,M,6,0,493,1,1226.55,4,1,1,2495.183644067797
273793,26-08-1982,M,7,0,524,2,5228.86,3,4,3,6762.504741379312
269161,06-09-1982,M,10,0,530,1,3054.22,3,1,2,2695.92375
269351,13-09-1982,M,4,0,776,1,2701.72,2,1,2,2884.529159292036
269331,17-09-1982,M,5,0,750,1,678.47,3,1,1,2695.92375
274087,17-09-1982,M,4,2,1291,2,990.08,1,4,1,6567.448333333333
267053,20-09-1982,M,9,0,742,1,1649.77,3,1,2,2695.92375
268062,20-09-1982,M,10,2,978,1,402.22,2,1,1,2884.529159292036
268470,25-09-1982,M,4,2,952,1,1895.08,2,1,2,2884.529159292036
267180,28-09-1982,M,6,0,794,1,150.28,2,1,1,2884.529159292036
273741,28-09-1982,M,3,1,796,1,1498.38,2,2,1,2778.987763157896
274750,29-10-1982,M,8,3,520,1,1993.42,3,3,2,3882.849653465345
268760,01-11-1982,M,1,2,1195,2,3801.2,1,3,3,3765.3049473684223
270555,05-11-1982,M,9,3,487,1,1171.3,4,2,1,2467.866818181818
269881,25-11-1982,M,10,1,935,3,8127.27,2,4,4,6461.743134328361
266812,26-11-1982,M,5,0,1296,1,89.5,1,1,1,2505.64496
270976,28-11-1982,M,7,1,435,2,3696.22,4,4,3,6915.3110000000015
268132,04-12-1982,M,3,0,958,1,1463.02,2,1,1,2884.529159292036
274587,06-12-1982,M,8,3,539,2,6167.0,3,4,4,6762.504741379312
269413,06-12-1982,M,8,2,31,4,14190.41,4,4,4,6915.3110000000015
273730,21-12-1982,M,2,0,1204,1,2205.58,1,2,2,2504.688516949152
267863,21-12-1982,M,6,3,565,1,4793.49,3,1,3,2695.92375
267376,29-12-1982,M,6,3,497,3,4740.45,4,4,3,6915.3110000000015
269807,01-01-1983,M,3,0,766,2,4090.71,2,3,3,3834.2104210526313
274840,06-01-1983,M,6,3,542,1,397.8,3,3,1,3882.849653465345
273804,09-01-1983,M,3,2,1055,1,2342.6,2,2,2,2778.987763157896
274806,15-01-1983,M,8,0,424,1,3611.14,4,3,3,4224.888571428572
273848,16-01-1983,M,2,2,468,3,4327.18,4,4,3,6915.3110000000015
272882,22-01-1983,M,4,2,1157,3,9382.56,1,4,4,6567.448333333333
270857,04-02-1983,M,4,0,735,2,7402.39,3,3,4,3882.849653465345
270074,20-02-1983,M,10,1,449,4,12030.14,4,4,4,6915.3110000000015
272228,23-02-1983,M,9,0,967,1,700.57,2,2,1,2778.987763157896
273121,26-02-1983,M,3,1,453,2,4592.38,4,4,3,6915.3110000000015
268736,06-03-1983,M,3,0,721,1,4455.36,3,1,3,2695.92375
274266,19-03-1983,M,9,3,336,1,4601.22,4,3,3,4224.888571428572
267106,19-03-1983,M,3,2,155,2,9284.21,4,3,4,4224.888571428572
274934,22-03-1983,M,4,1,711,2,7396.87,3,4,4,6762.504741379312
267565,29-03-1983,M,9,0,948,1,3204.5,2,1,3,2884.529159292036
267447,04-04-1983,M,5,1,458,3,4873.05,4,4,3,6915.3110000000015
271365,04-04-1983,M,3,2,1116,2,4302.87,1,4,3,6567.448333333333
273836,05-04-1983,M,10,0,245,1,1465.23,4,2,1,2467.866818181818
270636,05-04-1983,M,10,0,1032,1,3279.64,2,2,3,2778.987763157896
271038,06-04-1983,M,10,0,792,1,331.5,2,2,1,2778.987763157896
267965,11-04-1983,M,6,0,684,1,5909.54,3,1,4,2695.92375
269459,17-04-1983,M,2,2,1190,2,15657.85,1,3,4,3765.3049473684223
271870,28-04-1983,M,7,3,1180,1,2705.04,1,2,2,2504.688516949152
271298,01-05-1983,M,5,3,1061,1,4008.94,2,2,3,2778.987763157896
272286,13-05-1983,M,8,0,308,6,6098.49,4,4,4,6915.3110000000015
272886,17-05-1983,M,3,3,662,1,4004.52,3,2,3,2721.3525625
274598,19-05-1983,M,10,2,836,1,4327.18,2,3,3,3834.2104210526313
267681,20-05-1983,M,5,0,531,1,2447.57,3,1,2,2695.92375
269195,25-05-1983,M,5,0,1270,1,443.11,1,1,1,2505.64496
273829,26-05-1983,M,4,0,1038,1,1998.94,2,2,2,2778.987763157896
268008,10-06-1983,M,1,1,433,1,4990.18,4,1,3,2495.183644067797
271107,13-06-1983,M,5,3,528,2,4992.39,3,4,3,6762.504741379312
274471,15-06-1983,M,7,3,532,2,7160.4,3,4,4,6762.504741379312
269821,19-06-1983,M,8,3,791,1,7304.05,2,1,4,2884.529159292036
273477,21-06-1983,M,7,0,577,1,6602.38,3,2,4,2721.3525625
268649,26-06-1983,M,1,2,737,1,5511.74,3,1,3,2695.92375
271849,07-07-1983,M,8,3,1268,1,7817.88,1,2,4,2504.688516949152
272959,09-07-1983,M,1,0,663,1,224.31,3,2,1,2721.3525625
268472,15-07-1983,M,6,0,1310,1,411.06,1,1,1,2505.64496
269511,17-07-1983,M,5,1,613,2,4329.39,3,3,3,3882.849653465345
267704,22-07-1983,M,6,0,1396,1,251.94,1,1,1,2505.64496
274318,09-08-1983,M,6,0,1038,1,590.07,2,3,1,3834.2104210526313
269154,22-08-1983,M,7,3,1375,2,5622.24,1,3,4,3765.3049473684223
268968,28-08-1983,M,3,0,1213,1,590.07,1,1,1,2505.64496
275049,01-09-1983,M,2,0,515,1,2194.53,3,3,2,3882.849653465345
268548,05-09-1983,M,10,1,869,1,1701.7,2,1,2,2884.529159292036
267511,11-09-1983,M,5,0,315,1,5392.4,4,1,3,2495.183644067797
272194,12-09-1983,M,4,0,1364,1,3012.23,1,2,2,2504.688516949152
270433,19-09-1983,M,5,3,373,2,1202.24,4,3,1,4224.888571428572
274702,21-09-1983,M,10,1,596,2,3385.72,3,4,3,6762.504741379312
270012,24-09-1983,M,2,3,1206,1,8226.73,1,1,4,2505.64496
274987,08-10-1983,M,2,3,287,1,2066.35,4,3,2,4224.888571428572
268372,14-10-1983,M,6,3,1225,1,2244.26,1,1,2,2505.64496
272908,19-10-1983,M,3,1,792,1,4326.07,2,2,3,2778.987763157896
273787,24-10-1983,M,1,2,841,2,8627.84,2,4,4,6461.743134328361
266885,26-10-1983,M,5,0,1263,1,1074.06,1,1,1,2505.64496
269038,17-11-1983,M,1,0,963,1,1440.92,2,1,1,2884.529159292036
274243,26-11-1983,M,10,0,1162,1,7243.27,1,3,4,3765.3049473684223
269293,27-11-1983,M,2,0,835,1,3368.04,2,1,3,2884.529159292036
270603,28-11-1983,M,3,1,482,2,6232.2,4,3,4,4224.888571428572
269662,29-11-1983,M,9,3,1240,2,2444.26,1,3,2,3765.3049473684223
267616,21-12-1983,M,7,1,1024,1,4674.15,2,1,3,2884.529159292036
268735,05-01-1984,M,10,0,1112,1,4210.05,1,1,3,2505.64496
266980,21-01-1984,M,4,0,419,1,4836.59,4,1,3,2495.183644067797
272144,21-01-1984,M,8,0,747,1,5025.54,3,2,3,2721.3525625
270884,03-02-1984,M,3,2,583,3,8146.06,3,4,4,6762.504741379312
269085,03-02-1984,M,8,0,1139,1,1619.93,1,1,2,2505.64496
268821,11-02-1984,M,6,1,606,1,5856.5,3,1,4,2695.92375
275231,18-02-1984,M,2,0,1213,1,6641.05,1,3,4,3765.3049473684223
268418,22-02-1984,M,4,1,847,2,9637.81,2,3,4,3834.2104210526313
272478,27-02-1984,M,2,0,1296,1,1001.13,1,2,1,2504.688516949152
273203,29-02-1984,M,2,0,900,1,1363.57,2,2,1,2778.987763157896
269205,05-03-1984,M,2,0,700,1,3071.9,3,1,2,2695.92375
271992,08-03-1984,M,8,3,806,1,5718.38,2,2,4,2778.987763157896
270647,16-03-1984,M,3,0,392,1,1666.34,4,2,2,2467.866818181818
269208,04-04-1984,M,2,0,898,1,1591.2,2,1,2,2884.529159292036
271808,11-04-1984,M,10,1,476,1,4989.07,4,2,3,2467.866818181818
273332,14-04-1984,M,6,1,815,1,3885.18,2,2,3,2778.987763157896
269514,26-04-1984,M,9,0,907,1,2900.62,2,1,2,2884.529159292036
274374,06-05-1984,M,2,0,1242,1,1105.0,1,3,1,3765.3049473684223
267726,26-05-1984,M,5,3,1202,2,7628.92,1,3,4,3765.3049473684223
273661,26-05-1984,M,9,0,718,2,4311.71,3,4,3,6762.504741379312
268956,28-05-1984,M,6,2,1255,4,11224.59,1,4,4,6567.448333333333
273112,01-06-1984,M,5,1,919,2,5241.01,2,4,3,6461.743134328361
275214,04-06-1984,M,9,2,448,2,3193.45,4,4,3,6915.3110000000015
270562,08-06-1984,M,6,2,727,3,13724.1,3,4,4,6762.504741379312
270551,09-06-1984,M,10,3,411,1,1701.7,4,2,2,2467.866818181818
273718,16-06-1984,M,8,0,710,2,8612.37,3,4,4,6762.504741379312
270145,21-06-1984,M,9,1,1131,2,5436.6,1,3,3,3765.3049473684223
269995,05-07-1984,M,4,0,1064,1,3258.64,1,1,3,2505.64496
269192,06-07-1984,M,1,0,700,1,3655.34,3,1,3,2695.92375
269080,08-07-1984,M,5,0,1187,1,2105.03,1,1,2,2505.64496
270008,08-07-1984,M,4,1,930,2,4327.18,2,3,3,3834.2104210526313
269680,10-07-1984,M,10,0,765,1,1190.09,2,1,1,2884.529159292036
273017,11-07-1984,M,7,2,405,2,5821.14,4,4,4,6915.3110000000015
269437,12-07-1984,M,3,1,871,1,6188.0,2,1,4,2884.529159292036
270402,15-07-1984,M,6,0,1349,1,1493.96,1,2,1,2504.688516949152
273972,15-07-1984,M,3,3,359,2,1166.88,4,4,1,6915.3110000000015
267596,19-07-1984,M,7,0,684,1,3292.9,3,1,3,2695.92375
274158,21-07-1984,M,6,1,1244,1,6630.0,1,3,4,3765.3049473684223
269250,03-08-1984,M,5,3,876,1,2400.06,2,1,2,2884.529159292036
273417,11-08-1984,M,8,0,844,2,4290.72,2,4,3,6461.743134328361
273240,16-08-1984,M,6,0,503,1,2992.34,3,2,2,2721.3525625
269362,18-08-1984,M,1,0,881,1,2802.28,2,1,2,2884.529159292036
268480,20-08-1984,M,10,2,506,1,2541.5,3,1,2,2695.92375
268012,20-08-1984,M,5,2,1058,2,4045.41,2,3,3,3834.2104210526313
271757,28-08-1984,M,7,1,473,5,13361.66,4,4,4,6915.3110000000015
269050,15-09-1984,M,1,3,515,2,4563.65,3,3,3,3882.849653465345
271255,18-09-1984,M,9,3,1241,1,6381.38,1,2,4,2504.688516949152
270538,24-09-1984,M,4,3,1240,1,1339.26,1,2,1,2504.688516949152
269754,02-10-1984,M,4,2,908,1,4915.04,2,1,3,2884.529159292036
274739,12-10-1984,M,4,3,309,1,7956.0,4,3,4,4224.888571428572
267544,12-10-1984,M,7,2,1218,2,2214.42,1,3,2,3765.3049473684223
270572,24-10-1984,M,4,0,767,1,278.46,2,2,1,2778.987763157896
274143,12-11-1984,M,10,0,710,1,1487.33,3,3,1,3882.849653465345
267555,22-11-1984,M,1,3,1151,3,17757.35,1,4,4,6567.448333333333
268545,22-11-1984,M,3,0,958,2,4094.03,2,3,3,3834.2104210526313
270374,22-11-1984,M,3,3,583,2,4723.88,3,3,3,3882.849653465345
268632,25-11-1984,M,6,0,1277,1,835.38,1,1,1,2505.64496
270705,27-11-1984,M,1,1,398,2,2509.45,4,3,2,4224.888571428572
271880,01-12-1984,M,10,0,689,1,1527.11,3,2,2,2721.3525625
274877,02-12-1984,M,6,0,452,2,2764.71,4,4,2,6915.3110000000015
269718,02-12-1984,M,9,1,649,2,6333.86,3,3,4,3882.849653465345
270842,07-12-1984,M,2,1,287,2,9484.22,4,3,4,4224.888571428572
274948,16-12-1984,M,8,0,1246,1,2419.95,1,3,2,3765.3049473684223
269726,23-12-1984,M,9,0,1017,1,977.92,2,1,1,2884.529159292036
275117,28-12-1984,M,5,1,312,1,4836.59,4,3,3,4224.888571428572
273317,04-01-1985,M,3,0,784,1,2254.2,2,2,2,2778.987763157896
274944,08-02-1985,M,8,0,1004,1,1133.73,2,3,1,3834.2104210526313
271981,10-02-1985,M,3,0,668,1,1865.24,3,2,2,2721.3525625
273699,11-02-1985,M,4,1,1216,1,1975.74,1,2,2,2504.688516949152
270044,12-02-1985,M,6,3,959,2,8844.42,2,3,4,3834.2104210526313
267883,13-02-1985,M,8,0,536,1,3043.17,3,1,2,2695.92375
272021,14-02-1985,M,2,2,351,1,6646.57,4,2,4,2467.866818181818
273625,23-02-1985,M,7,3,62,1,1801.15,4,2,2,2467.866818181818
267470,24-02-1985,M,5,0,744,2,3903.97,3,3,3,3882.849653465345
267683,26-02-1985,M,10,0,1292,1,4075.24,1,1,3,2505.64496
268518,17-03-1985,M,3,0,933,1,6381.38,2,1,4,2884.529159292036
274991,21-03-1985,M,8,2,319,1,1747.01,4,3,2,4224.888571428572
273988,05-04-1985,M,3,0,707,1,5000.12,3,3,3,3882.849653465345
269052,08-04-1985,M,9,1,775,1,2797.86,2,1,2,2884.529159292036
271766,13-04-1985,M,8,2,494,3,7564.83,4,4,4,6915.3110000000015
272978,19-04-1985,M,10,2,1166,1,5812.3,1,2,4,2504.688516949152
270985,22-04-1985,M,5,0,1049,1,140.34,2,2,1,2778.987763157896
274853,24-04-1985,M,2,0,549,1,8160.43,3,3,4,3882.849653465345
270998,24-04-1985,M,1,0,1057,1,576.81,2,2,1,2778.987763157896
270396,01-05-1985,M,3,2,403,2,6596.85,4,3,4,4224.888571428572
273325,01-05-1985,M,4,2,538,2,3423.29,3,4,3,6762.504741379312
272757,11-05-1985,M,1,3,315,4,7409.03,4,4,4,6915.3110000000015
266830,13-05-1985,M,1,0,585,1,1400.04,3,1,1,2695.92375
269181,14-05-1985,M,1,0,1239,2,6543.81,1,3,4,3765.3049473684223
267635,20-05-1985,M,8,2,462,1,3063.06,4,1,2,2495.183644067797
268109,22-05-1985,M,10,0,574,1,6612.32,3,1,4,2695.92375
268046,28-05-1985,M,10,0,390,1,732.62,4,1,1,2495.183644067797
272556,29-05-1985,M,7,3,1285,1,2171.32,1,2,2,2504.688516949152
269545,04-06-1985,M,7,0,345,2,5860.92,4,3,4,4224.888571428572
269337,05-06-1985,M,3,0,968,1,684.0,2,1,1,2884.529159292036
267792,07-06-1985,M,1,0,444,2,5086.32,4,3,3,4224.888571428572
267072,12-06-1985,M,8,0,586,1,653.05,3,1,1,2695.92375
269053,18-06-1985,M,9,0,909,1,7270.9,2,1,4,2884.529159292036
267926,18-06-1985,M,3,0,123,1,1544.79,4,1,2,2495.183644067797
274627,24-06-1985,M,7,1,1124,1,4088.5,1,3,3,3765.3049473684223
270687,26-06-1985,M,6,0,398,1,5315.05,4,2,3,2467.866818181818
269503,27-06-1985,M,3,3,666,3,7634.44,3,4,4,6762.504741379312
274652,08-07-1985,M,8,0,1,1,808.86,4,3,1,4224.888571428572
270137,21-07-1985,M,2,0,977,1,164.65,2,1,1,2884.529159292036
267854,23-08-1985,M,10,0,1347,1,3155.88,1,1,3,2505.64496
271143,24-08-1985,M,3,0,1079,1,742.56,1,2,1,2504.688516949152
269060,27-08-1985,M,5,0,1422,1,1219.92,1,1,1,2505.64496
275156,05-09-1985,M,6,0,1191,1,3224.39,1,3,3,3765.3049473684223
274805,07-09-1985,M,4,0,437,1,280.67,4,3,1,4224.888571428572
269134,10-09-1985,M,1,0,733,1,1916.07,3,1,2,2695.92375
268853,19-09-1985,M,6,1,529,2,1763.58,3,3,2,3882.849653465345
275221,19-09-1985,M,6,0,1092,1,1681.81,1,3,2,3765.3049473684223
267406,21-09-1985,M,6,0,613,1,1342.58,3,1,1,2695.92375
267420,22-09-1985,M,8,3,756,2,8372.59,3,3,4,3882.849653465345
272526,26-09-1985,M,3,2,445,4,3226.6,4,4,3,6915.3110000000015
275070,01-10-1985,M,8,0,1348,1,1803.36,1,3,2,3765.3049473684223
275218,04-10-1985,M,5,3,531,2,7226.7,3,4,4,6762.504741379312
266856,11-10-1985,M,1,2,1389,1,1343.68,1,1,1,2505.64496
267983,27-10-1985,M,1,3,506,2,6180.26,3,3,4,3882.849653465345
270095,02-11-1985,M,1,2,410,1,1162.46,4,1,1,2495.183644067797
270569,19-11-1985,M,6,0,1131,3,3074.11,1,4,2,6567.448333333333
274608,23-11-1985,M,1,0,580,1,3491.8,3,3,3,3882.849653465345
269795,02-12-1985,M,6,1,388,1,5692.96,4,1,4,2495.183644067797
275056,05-12-1985,M,5,0,703,1,1614.4,3,3,2,3882.849653465345
272528,06-12-1985,M,2,2,791,1,3646.5,2,2,3,2778.987763157896
267196,08-12-1985,M,6,0,699,1,1975.74,3,1,2,2695.92375
271245,11-12-1985,M,4,1,652,3,5947.11,3,4,4,6762.504741379312
270053,12-12-1985,M,10,0,960,1,5776.94,2,1,4,2884.529159292036
266881,15-12-1985,M,6,3,988,3,3361.41,2,4,3,6461.743134328361
268266,19-12-1985,M,7,3,849,3,13502.0,2,4,4,6461.743134328361
267268,21-12-1985,M,8,2,982,1,8254.35,2,1,4,2884.529159292036
271737,22-12-1985,M,9,2,575,2,3896.23,3,4,3,6762.504741379312
271603,24-12-1985,M,3,0,1103,1,1133.73,1,2,1,2504.688516949152
269650,26-12-1985,M,5,0,1335,1,591.17,1,1,1,2505.64496
270253,28-12-1985,M,5,0,1424,1,2022.15,1,1,2,2505.64496
270184,27-01-1986,M,9,1,1160,1,5292.95,1,1,3,2505.64496
275138,28-01-1986,M,4,1,895,2,3554.78,2,4,3,6461.743134328361
274758,02-02-1986,M,4,0,1137,1,1916.07,1,3,2,3765.3049473684223
269849,02-02-1986,M,8,1,670,2,3840.98,3,3,3,3882.849653465345
268879,13-02-1986,M,2,0,605,1,78.45,3,1,1,2695.92375
268557,17-02-1986,M,2,0,1264,1,1510.54,1,1,2,2505.64496
271200,20-02-1986,M,1,0,305,2,3164.72,4,4,3,6915.3110000000015
272775,08-03-1986,M,4,0,385,1,466.31,4,2,1,2467.866818181818
271576,10-03-1986,M,9,1,487,2,5401.24,4,4,3,6915.3110000000015
267480,11-03-1986,M,3,1,900,2,6828.9,2,3,4,3834.2104210526313
267414,17-03-1986,M,9,1,1077,2,13889.85,1,3,4,3765.3049473684223
271212,20-03-1986,M,10,1,921,1,4863.1,2,2,3,2778.987763157896
269286,24-03-1986,M,1,0,1026,1,5573.62,2,1,4,2884.529159292036
274213,27-03-1986,M,9,0,2,1,2943.72,4,3,2,4224.888571428572
268656,01-04-1986,M,1,0,1278,1,1007.76,1,1,1,2505.64496
267382,02-04-1986,M,2,0,859,1,504.99,2,1,1,2884.529159292036
268269,14-04-1986,M,2,1,572,1,440.89,3,1,1,2695.92375
273400,15-04-1986,M,1,0,450,1,6944.93,4,2,4,2467.866818181818
269506,25-04-1986,M,2,1,640,1,2740.4,3,1,2,2695.92375
268514,02-05-1986,M,8,0,473,1,864.11,4,1,1,2495.183644067797
272450,08-05-1986,M,1,3,1056,1,1132.62,2,2,1,2778.987763157896
270560,13-05-1986,M,10,0,766,2,2292.88,2,3,2,3834.2104210526313
270912,21-05-1986,M,6,2,886,2,5342.68,2,4,3,6461.743134328361
268923,23-05-1986,M,10,0,317,1,1387.88,4,1,1,2495.183644067797
268795,04-06-1986,M,6,0,544,1,1973.53,3,1,2,2695.92375
269836,08-06-1986,M,2,0,689,1,1471.86,3,1,1,2695.92375
269183,12-06-1986,M,5,0,515,1,391.17,3,1,1,2695.92375
273063,12-06-1986,M,2,0,1320,1,2965.82,1,2,2,2504.688516949152
267484,16-06-1986,M,7,1,1062,1,6176.95,2,1,4,2884.529159292036
272188,20-06-1986,M,7,0,387,1,728.2,4,2,1,2467.866818181818
268835,23-06-1986,M,1,0,304,2,1857.51,4,3,2,4224.888571428572
271493,23-06-1986,M,10,0,1340,1,780.13,1,2,1,2504.688516949152
269635,23-06-1986,M,10,0,520,1,1823.25,3,1,2,2695.92375
274224,03-07-1986,M,3,1,613,2,7797.98,3,4,4,6762.504741379312
270742,03-07-1986,M,4,0,626,3,5084.1,3,4,3,6762.504741379312
275016,10-07-1986,M,8,3,468,3,13053.37,4,4,4,6915.3110000000015
270947,12-07-1986,M,10,3,656,3,7852.13,3,4,4,6762.504741379312
273819,15-07-1986,M,5,1,1176,1,3964.74,1,2,3,2504.688516949152
267220,23-07-1986,M,8,0,1035,1,4645.42,2,1,3,2884.529159292036
273520,25-07-1986,M,5,0,1355,1,1895.08,1,2,2,2504.688516949152
275073,26-07-1986,M,7,0,362,4,9533.94,4,4,4,6915.3110000000015
268479,28-07-1986,M,9,0,307,2,5361.46,4,3,3,4224.888571428572
268223,01-08-1986,M,2,0,798,1,2431.0,2,1,2,2884.529159292036
272902,16-08-1986,M,9,0,773,2,1785.68,2,4,2,6461.743134328361
271764,29-08-1986,M,7,0,782,1,486.2,2,2,1,2778.987763157896
270918,07-09-1986,M,10,2,864,1,4090.71,2,2,3,2778.987763157896
274468,12-09-1986,M,2,0,450,5,4439.89,4,4,3,6915.3110000000015
271379,22-09-1986,M,7,0,276,1,976.82,4,2,1,2467.866818181818
274901,23-09-1986,M,10,0,692,1,1529.32,3,3,2,3882.849653465345
271816,24-09-1986,M,6,3,764,4,5024.44,2,4,3,6461.743134328361
269029,24-09-1986,M,5,1,1353,2,11527.36,1,3,4,3765.3049473684223
267248,29-09-1986,M,5,2,451,3,3024.39,4,4,2,6915.3110000000015
274044,02-10-1986,M,2,0,774,1,1309.42,2,3,1,3834.2104210526313
269483,03-10-1986,M,2,1,674,5,13920.79,3,4,4,6762.504741379312
269747,06-10-1986,M,5,3,1022,1,6157.06,2,1,4,2884.529159292036
273099,19-10-1986,M,4,0,569,1,776.82,3,2,1,2721.3525625
268018,23-10-1986,M,8,0,793,1,5922.8,2,1,4,2884.529159292036
274456,28-10-1986,M,4,0,913,1,3091.79,2,3,2,3834.2104210526313
274826,02-11-1986,M,2,0,1224,1,2269.67,1,3,2,3765.3049473684223
273815,03-11-1986,M,8,1,393,2,3889.6,4,4,3,6915.3110000000015
272965,06-11-1986,M,2,3,465,2,6001.25,4,4,4,6915.3110000000015
269403,09-11-1986,M,8,1,1431,1,3718.32,1,1,3,2505.64496
271351,09-11-1986,M,5,0,1346,1,2774.66,1,2,2,2504.688516949152
271675,17-11-1986,M,3,0,496,3,8368.17,4,4,4,6915.3110000000015
269443,20-11-1986,M,9,0,1317,1,1064.12,1,1,1,2505.64496
267105,22-11-1986,M,1,1,318,3,9122.88,4,4,4,6915.3110000000015
274650,04-12-1986,M,1,0,1166,1,5944.9,1,3,4,3765.3049473684223
274972,18-12-1986,M,1,1,1368,1,1794.52,1,3,2,3765.3049473684223
268048,20-12-1986,M,7,1,788,2,2773.55,2,3,2,3834.2104210526313
269573,29-12-1986,M,8,0,569,1,504.99,3,1,1,2695.92375
268745,01-01-1987,M,9,2,1109,1,1153.62,1,1,1,2505.64496
270170,17-01-1987,M,3,3,810,4,10153.84,2,4,4,6461.743134328361
271306,03-02-1987,M,9,0,753,3,6225.57,3,4,4,6762.504741379312
274656,03-02-1987,M,5,3,726,2,4155.9,3,4,3,6762.504741379312
268765,06-02-1987,M,8,1,765,3,9856.6,2,4,4,6461.743134328361
274589,22-02-1987,M,8,0,704,2,4044.3,3,4,3,6762.504741379312
266858,25-02-1987,M,1,0,1177,1,654.16,1,1,1,2505.64496
267103,05-03-1987,M,8,0,1022,1,6457.62,2,1,4,2884.529159292036
270428,10-03-1987,M,5,0,807,1,6237.73,2,2,4,2778.987763157896
267217,23-03-1987,M,2,0,1156,1,254.15,1,1,1,2505.64496
270822,26-03-1987,M,10,0,1348,1,542.55,1,2,1,2504.688516949152
274480,03-04-1987,M,6,0,912,2,5780.26,2,4,4,6461.743134328361
267361,12-04-1987,M,4,0,815,2,4802.33,2,3,3,3834.2104210526313
274072,18-04-1987,M,2,2,1115,2,6985.81,1,4,4,6567.448333333333
270391,18-04-1987,M,5,1,1233,1,4433.26,1,2,3,2504.688516949152
270300,19-04-1987,M,6,0,588,2,1553.63,3,3,2,3882.849653465345
271280,29-04-1987,M,6,1,317,2,6139.38,4,4,4,6915.3110000000015
269057,29-04-1987,M,5,0,1274,1,2901.73,1,1,2,2505.64496
268323,17-05-1987,M,8,0,1102,2,7075.32,1,3,4,3765.3049473684223
268804,19-05-1987,M,1,3,564,2,5889.65,3,3,4,3882.849653465345
268972,19-05-1987,M,10,1,1212,2,2229.89,1,3,2,3765.3049473684223
271302,22-05-1987,M,1,0,1063,1,1962.48,1,2,2,2504.688516949152
273095,27-05-1987,M,9,1,314,1,751.4,4,2,1,2467.866818181818
270662,04-06-1987,M,2,2,359,2,5077.48,4,3,3,4224.888571428572
272485,05-06-1987,M,1,0,410,2,5105.1,4,4,3,6915.3110000000015
275048,06-06-1987,M,3,1,1056,1,6414.52,2,3,4,3834.2104210526313
271841,09-06-1987,M,10,0,1362,1,1633.19,1,2,2,2504.688516949152
273507,09-06-1987,M,8,0,537,2,408.85,3,4,1,6762.504741379312
271516,12-06-1987,M,1,3,1114,2,11474.32,1,4,4,6567.448333333333
272289,14-06-1987,M,1,3,1143,1,2937.09,1,2,2,2504.688516949152
273123,19-06-1987,M,3,3,1207,1,2429.89,1,2,2,2504.688516949152
272111,24-06-1987,M,10,0,409,2,4797.91,4,4,3,6915.3110000000015
273329,25-06-1987,M,4,0,1003,2,2565.81,2,4,2,6461.743134328361
271014,02-07-1987,M,1,1,627,2,6936.09,3,4,4,6762.504741379312
273539,07-07-1987,M,6,0,370,2,1070.74,4,4,1,6915.3110000000015
267500,18-07-1987,M,10,3,1188,1,2615.53,1,1,2,2505.64496
274845,25-07-1987,M,7,0,807,2,4917.25,2,4,3,6461.743134328361
269212,26-07-1987,M,3,0,576,3,10009.09,3,4,4,6762.504741379312
273663,29-07-1987,M,6,0,877,1,374.6,2,2,1,2778.987763157896
272323,29-07-1987,M,8,0,1179,1,1021.02,1,2,1,2504.688516949152
271781,01-08-1987,M,8,2,843,1,3055.32,2,2,2,2778.987763157896
273803,09-08-1987,M,10,2,403,1,4017.78,4,2,3,2467.866818181818
268399,10-08-1987,M,7,1,851,1,1269.64,2,1,1,2884.529159292036
268910,14-08-1987,M,10,0,185,2,3326.05,4,3,3,4224.888571428572
271524,28-08-1987,M,1,2,1000,1,1438.71,2,2,1,2778.987763157896
269952,29-08-1987,M,8,3,323,1,3421.08,4,1,3,2495.183644067797
270588,29-08-1987,M,3,0,1018,1,1993.42,2,2,2,2778.987763157896
274778,01-09-1987,M,7,0,628,1,1163.57,3,3,1,3882.849653465345
272654,01-09-1987,M,6,2,772,1,2038.72,2,2,2,2778.987763157896
268569,02-09-1987,M,4,0,276,1,3730.48,4,1,3,2495.183644067797
267550,04-09-1987,M,9,3,572,2,3464.18,3,3,3,3882.849653465345
274098,04-09-1987,M,5,0,1002,2,3639.87,2,4,3,6461.743134328361
274738,07-09-1987,M,4,1,1237,1,2519.4,1,3,2,3765.3049473684223
274923,08-09-1987,M,8,1,376,2,6160.38,4,4,4,6915.3110000000015
272079,09-09-1987,M,2,0,1149,1,567.97,1,2,1,2504.688516949152
268392,13-09-1987,M,1,2,570,1,295.04,3,1,1,2695.92375
274897,16-09-1987,M,2,0,1,2,3715.01,4,4,3,6915.3110000000015
273954,22-09-1987,M,5,0,795,3,4591.27,2,4,3,6461.743134328361
271515,24-09-1987,M,7,2,634,1,4657.57,3,2,3,2721.3525625
274576,25-09-1987,M,6,0,643,1,2965.82,3,3,2,3882.849653465345
274813,02-10-1987,M,6,0,653,2,4784.65,3,4,3,6762.504741379312
268706,08-10-1987,M,7,0,464,2,3803.41,4,3,3,4224.888571428572
269225,11-10-1987,M,9,3,1000,2,1917.17,2,3,2,3834.2104210526313
267653,14-10-1987,M,5,2,427,5,15199.27,4,4,4,6915.3110000000015
275257,25-10-1987,M,5,0,645,1,7657.65,3,3,4,3882.849653465345
268164,29-10-1987,M,2,2,304,2,2858.64,4,3,2,4224.888571428572
271147,02-11-1987,M,5,0,1149,1,2245.36,1,2,2,2504.688516949152
267552,04-11-1987,M,4,2,1275,1,5060.9,1,1,3,2505.64496
267890,05-11-1987,M,2,0,1086,1,3303.95,1,1,3,2505.64496
272493,08-11-1987,M,8,3,558,2,1860.82,3,4,2,6762.504741379312
271180,08-11-1987,M,4,2,351,1,1732.64,4,2,2,2467.866818181818
271037,10-11-1987,M,4,2,389,2,5572.51,4,4,3,6915.3110000000015
271459,11-11-1987,M,8,0,926,2,9027.85,2,4,4,6461.743134328361
273652,11-11-1987,M,4,0,338,2,1065.22,4,4,1,6915.3110000000015
269623,16-11-1987,M,8,0,405,2,3952.59,4,3,3,4224.888571428572
267547,24-11-1987,M,4,0,753,2,4884.1,3,3,3,3882.849653465345
272131,24-11-1987,M,4,0,1151,1,7259.85,1,2,4,2504.688516949152
271606,02-12-1987,M,3,0,1115,1,114.92,1,2,1,2504.688516949152
268727,03-12-1987,M,10,1,124,3,10716.29,4,4,4,6915.3110000000015
267318,05-12-1987,M,7,2,1407,1,4773.6,1,1,3,2505.64496
267245,05-12-1987,M,6,0,965,1,1076.27,2,1,1,2884.529159292036
270485,15-12-1987,M,6,0,811,2,2549.24,2,3,2,3834.2104210526313
274265,28-12-1987,M,9,0,432,1,2117.18,4,3,2,4224.888571428572
268671,03-01-1988,M,5,0,722,2,3244.28,3,3,3,3882.849653465345
270463,06-01-1988,M,9,1,622,3,4294.03,3,4,3,6762.504741379312
267211,15-01-1988,M,1,0,796,1,5574.73,2,1,4,2884.529159292036
267295,19-01-1988,M,9,0,778,1,1232.08,2,1,1,2884.529159292036
274222,21-01-1988,M,3,3,350,1,905.0,4,3,1,4224.888571428572
273785,22-01-1988,M,5,0,435,1,1696.17,4,2,2,2467.866818181818
269739,28-01-1988,M,5,1,723,2,8044.4,3,3,4,3882.849653465345
270491,01-02-1988,M,5,0,941,1,2333.76,2,2,2,2778.987763157896
267048,08-02-1988,M,8,0,1308,1,4473.04,1,1,3,2505.64496
268092,11-02-1988,M,8,0,560,1,527.09,3,1,1,2695.92375
274296,17-02-1988,M,6,0,695,1,508.3,3,3,1,3882.849653465345
271511,23-02-1988,M,8,1,855,1,3628.82,2,2,3,2778.987763157896
268715,27-02-1988,M,1,0,1213,1,784.55,1,1,1,2505.64496
270096,28-02-1988,M,10,2,742,1,817.7,3,1,1,2695.92375
274727,28-02-1988,M,2,3,314,3,851.95,4,4,1,6915.3110000000015
273141,07-03-1988,M,8,0,553,2,2594.54,3,4,2,6762.504741379312
275137,08-03-1988,M,9,0,980,1,3876.34,2,3,3,3834.2104210526313
271389,20-03-1988,M,5,0,416,1,1326.0,4,2,1,2467.866818181818
272159,25-03-1988,M,6,0,367,1,1723.8,4,2,2,2467.866818181818
268056,26-03-1988,M,10,0,514,2,7449.91,3,3,4,3882.849653465345
271398,29-03-1988,M,2,0,544,1,6867.57,3,2,4,2721.3525625
270690,09-04-1988,M,4,0,1116,1,944.77,1,2,1,2504.688516949152
272735,12-04-1988,M,6,2,709,3,12594.79,3,4,4,6762.504741379312
272255,17-04-1988,M,3,3,338,4,8616.79,4,4,4,6915.3110000000015
268350,03-05-1988,M,8,0,436,1,227.63,4,1,1,2495.183644067797
267235,08-05-1988,M,6,0,1143,1,2092.87,1,1,2,2505.64496
271914,12-05-1988,M,2,1,1345,1,1069.64,1,2,1,2504.688516949152
272040,19-05-1988,M,10,0,976,1,2985.71,2,2,2,2778.987763157896
275211,23-05-1988,M,1,1,709,1,3655.34,3,3,3,3882.849653465345
273631,09-06-1988,M,9,0,1053,2,6092.97,2,4,4,6461.743134328361
274988,14-06-1988,M,4,3,354,2,2755.87,4,4,2,6915.3110000000015
274077,17-06-1988,M,6,1,691,2,7433.34,3,4,4,6762.504741379312
270503,28-06-1988,M,4,2,404,1,911.62,4,2,1,2467.866818181818
268634,05-07-1988,M,2,3,781,1,5555.94,2,1,3,2884.529159292036
267374,13-07-1988,M,6,1,675,2,3071.9,3,3,2,3882.849653465345
270895,17-07-1988,M,10,0,485,1,5228.86,4,2,3,2467.866818181818
270974,26-07-1988,M,4,0,683,2,11226.8,3,4,4,6762.504741379312
268661,28-07-1988,M,3,0,659,1,6152.64,3,1,4,2695.92375
270616,01-08-1988,M,9,0,305,1,2159.17,4,2,2,2467.866818181818
268317,03-08-1988,M,8,0,1239,1,3911.7,1,1,3,2505.64496
274707,14-08-1988,M,3,1,745,2,9801.35,3,4,4,6762.504741379312
273334,15-08-1988,M,5,0,757,2,14464.45,3,4,4,6762.504741379312
271906,18-08-1988,M,10,0,479,1,2994.55,4,2,2,2467.866818181818
274817,06-09-1988,M,10,3,1240,1,1961.38,1,3,2,3765.3049473684223
271488,12-09-1988,M,5,0,805,1,1989.0,2,2,2,2778.987763157896
269257,13-09-1988,M,4,2,1235,1,3370.25,1,1,3,2505.64496
266807,13-09-1988,M,4,3,882,1,1359.15,2,1,1,2884.529159292036
269624,25-09-1988,M,5,1,451,4,7154.88,4,4,4,6915.3110000000015
273922,26-09-1988,M,5,0,691,1,191.16,3,3,1,3882.849653465345
269444,27-09-1988,M,3,0,474,1,4364.75,4,1,3,2495.183644067797
268014,28-09-1988,M,8,0,487,2,4596.8,4,3,3,4224.888571428572
266910,28-09-1988,M,6,0,1339,1,1267.43,1,1,1,2505.64496
272142,13-10-1988,M,8,0,758,1,1195.61,3,2,1,2721.3525625
270868,23-10-1988,M,1,0,674,1,266.31,3,2,1,2721.3525625
272140,27-10-1988,M,10,2,1150,1,4873.05,1,2,3,2504.688516949152
269703,17-11-1988,M,8,2,277,4,13524.09,4,4,4,6915.3110000000015
267987,18-11-1988,M,9,1,1315,1,1215.5,1,1,1,2505.64496
270737,29-11-1988,M,7,0,501,1,1310.53,3,2,1,2721.3525625
266923,07-12-1988,M,7,2,596,1,517.14,3,1,1,2695.92375
270240,07-12-1988,M,1,0,1038,1,5337.15,2,1,3,2884.529159292036
269551,16-12-1988,M,4,0,618,1,3659.76,3,1,3,2695.92375
274505,21-12-1988,M,9,0,1100,2,371.28,1,4,1,6567.448333333333
272554,27-12-1988,M,3,3,650,1,1005.55,3,2,1,2721.3525625
267005,27-12-1988,M,4,0,581,1,1303.9,3,1,1,2695.92375
273306,28-12-1988,M,3,1,1392,1,3832.14,1,2,3,2504.688516949152
267677,01-01-1989,M,4,2,498,1,5463.12,4,1,3,2495.183644067797
269875,02-01-1989,M,4,0,634,1,1458.6,3,1,1,2695.92375
269422,09-01-1989,M,6,1,569,3,5421.13,3,4,3,6762.504741379312
274331,11-01-1989,M,1,3,154,4,13486.52,4,4,4,6915.3110000000015
266999,13-01-1989,M,1,2,736,1,4863.1,3,1,3,2695.92375
267234,13-01-1989,M,2,2,535,1,3785.73,3,1,3,2695.92375
273569,13-01-1989,M,1,2,406,3,5976.95,4,4,4,6915.3110000000015
270301,14-01-1989,M,3,3,642,4,9073.16,3,4,4,6762.504741379312
274594,21-01-1989,M,5,0,608,2,2816.65,3,4,2,6762.504741379312
274686,21-01-1989,M,9,0,1289,1,1103.89,1,3,1,3765.3049473684223
267045,05-02-1989,M,8,0,382,1,2282.93,4,1,2,2495.183644067797
271260,07-02-1989,M,7,3,773,2,6334.97,2,4,4,6461.743134328361
269348,10-02-1989,M,9,3,336,2,1407.77,4,3,1,4224.888571428572
267181,12-02-1989,M,7,0,1037,1,175.69,2,1,1,2884.529159292036
274479,21-02-1989,M,3,0,1304,1,1160.25,1,3,1,3765.3049473684223
267099,25-02-1989,M,5,0,887,1,884.0,2,1,1,2884.529159292036
268450,06-03-1989,M,3,1,807,1,2376.86,2,1,2,2884.529159292036
271160,07-03-1989,M,1,3,732,3,11053.32,3,4,4,6762.504741379312
267401,09-03-1989,M,9,0,1291,2,4633.26,1,3,3,3765.3049473684223
273958,10-03-1989,M,7,3,966,1,4415.58,2,3,3,3834.2104210526313
268783,12-03-1989,M,4,0,637,2,4024.41,3,3,3,3882.849653465345
271158,28-03-1989,M,10,1,856,2,4912.83,2,4,3,6461.743134328361
267056,06-04-1989,M,8,0,1227,1,1796.73,1,1,2,2505.64496
273364,18-04-1989,M,10,0,734,1,262.99,3,2,1,2721.3525625
273026,21-04-1989,M,10,2,309,1,6425.57,4,2,4,2467.866818181818
275153,05-05-1989,M,10,0,1023,1,351.39,2,3,1,3834.2104210526313
269845,05-05-1989,M,8,0,1272,1,819.91,1,1,1,2505.64496
272772,12-05-1989,M,5,3,807,2,8212.36,2,4,4,6461.743134328361
272067,14-05-1989,M,5,2,440,1,4839.9,4,2,3,2467.866818181818
272974,16-05-1989,M,2,1,788,1,3460.86,2,2,3,2778.987763157896
273453,17-05-1989,M,8,3,581,1,3835.45,3,2,3,2721.3525625
269111,20-05-1989,M,6,1,411,2,6138.27,4,3,4,4224.888571428572
268024,26-05-1989,M,5,0,382,1,937.04,4,1,1,2495.183644067797
272086,04-06-1989,M,4,0,715,2,5022.22,3,4,3,6762.504741379312
269182,04-06-1989,M,1,3,827,1,5958.16,2,1,4,2884.529159292036
274284,05-06-1989,M,4,3,779,2,4175.8,2,4,3,6461.743134328361
272378,11-06-1989,M,2,0,1330,1,2528.24,1,2,2,2504.688516949152
275119,13-06-1989,M,1,0,824,1,2276.3,2,3,2,3834.2104210526313
267442,16-06-1989,M,7,1,410,5,10675.41,4,4,4,6915.3110000000015
267891,19-06-1989,M,1,0,626,2,2602.28,3,3,2,3882.849653465345
267330,20-06-1989,M,1,1,488,2,2549.24,4,3,2,4224.888571428572
271614,23-06-1989,M,9,0,728,2,5635.5,3,4,4,6762.504741379312
273976,13-07-1989,M,2,0,982,1,1197.82,2,3,1,3834.2104210526313
273989,15-07-1989,M,4,0,758,1,3053.11,3,3,2,3882.849653465345
266939,16-07-1989,M,10,0,1083,1,1900.6,1,1,2,2505.64496
270317,16-07-1989,M,1,0,735,1,744.77,3,2,1,2721.3525625
273346,22-07-1989,M,1,1,664,1,3375.78,3,2,3,2721.3525625
272742,28-07-1989,M,3,0,839,1,2784.6,2,2,2,2778.987763157896
270423,02-08-1989,M,4,0,1150,1,1376.83,1,2,1,2504.688516949152
269165,03-08-1989,M,4,0,894,1,155.81,2,1,1,2884.529159292036
273713,03-08-1989,M,7,0,1429,1,3021.07,1,2,2,2504.688516949152
274010,06-08-1989,M,9,3,1030,2,1630.98,2,4,2,6461.743134328361
268720,07-08-1989,M,3,2,754,2,5678.59,3,3,4,3882.849653465345
271687,08-08-1989,M,1,1,527,3,16277.75,3,4,4,6762.504741379312
268509,17-08-1989,M,10,0,286,1,5494.06,4,1,3,2495.183644067797
271972,04-09-1989,M,1,0,365,4,9493.06,4,4,4,6915.3110000000015
274192,07-09-1989,M,3,0,918,1,469.62,2,3,1,3834.2104210526313
269018,10-09-1989,M,8,3,289,1,1356.94,4,1,1,2495.183644067797
271328,17-09-1989,M,8,0,335,2,3065.27,4,4,2,6915.3110000000015
268796,20-09-1989,M,10,0,1423,1,1007.76,1,1,1,2505.64496
275227,23-09-1989,M,4,0,123,4,2945.93,4,4,2,6915.3110000000015
271868,29-09-1989,M,2,0,446,1,402.22,4,2,1,2467.866818181818
268000,03-10-1989,M,6,1,485,1,861.9,4,1,1,2495.183644067797
272358,03-10-1989,M,7,1,702,1,3571.36,3,2,3,2721.3525625
272773,11-10-1989,M,8,1,743,2,2801.18,3,4,2,6762.504741379312
274293,13-10-1989,M,2,2,1379,2,4298.45,1,4,3,6567.448333333333
272900,22-10-1989,M,6,0,381,2,2442.05,4,4,2,6915.3110000000015
267183,23-10-1989,M,7,0,755,2,3112.78,3,3,2,3882.849653465345
272774,24-10-1989,M,3,0,635,1,2270.78,3,2,2,2721.3525625
270779,27-10-1989,M,5,0,1217,1,129.28,1,2,1,2504.688516949152
271216,12-11-1989,M,6,0,732,3,3929.38,3,4,3,6762.504741379312
269929,17-11-1989,M,4,3,605,3,7618.98,3,4,4,6762.504741379312
274894,19-11-1989,M,6,1,1102,1,6090.76,1,3,4,3765.3049473684223
271851,29-11-1989,M,8,1,1162,1,8160.43,1,2,4,2504.688516949152
268596,01-12-1989,M,3,0,1204,2,2740.4,1,3,2,3765.3049473684223
267024,13-12-1989,M,10,0,767,1,938.14,2,1,1,2884.529159292036
272948,20-12-1989,M,3,0,588,2,5012.28,3,4,3,6762.504741379312
274494,21-12-1989,M,9,1,838,2,6188.0,2,4,4,6461.743134328361
270407,29-12-1989,M,6,0,780,2,3429.92,2,3,3,3834.2104210526313
274719,01-01-1990,M,10,3,1169,1,2712.78,1,3,2,3765.3049473684223
267008,11-01-1990,M,4,0,659,1,2117.18,3,1,2,2695.92375
266852,15-01-1990,M,5,2,1075,4,1821.04,1,4,2,6567.448333333333
272271,16-01-1990,M,3,0,1395,1,689.52,1,2,1,2504.688516949152
272887,19-01-1990,M,8,1,1318,1,3191.24,1,2,3,2504.688516949152
272243,20-01-1990,M,4,0,865,1,2433.21,2,2,2,2778.987763157896
272696,22-01-1990,M,3,2,1160,2,1502.8,1,4,2,6567.448333333333
270506,05-02-1990,M,5,1,555,3,4608.95,3,4,3,6762.504741379312
267903,08-02-1990,M,7,1,1334,2,7767.05,1,3,4,3765.3049473684223
271042,08-02-1990,M,3,0,1381,1,1034.28,1,2,1,2504.688516949152
272241,12-02-1990,M,8,3,1380,1,6066.45,1,2,4,2504.688516949152
274459,13-02-1990,M,4,3,616,1,6817.85,3,3,4,3882.849653465345
274440,15-02-1990,M,5,0,1205,1,2912.78,1,3,2,3765.3049473684223
269536,21-03-1990,M,5,0,1301,1,2397.85,1,1,2,2505.64496
271650,01-04-1990,M,10,1,382,3,15436.85,4,4,4,6915.3110000000015
270060,08-04-1990,M,10,0,516,1,1138.15,3,1,1,2695.92375
267247,18-04-1990,M,5,3,380,2,1735.95,4,3,2,4224.888571428572
268638,21-04-1990,M,7,0,938,1,949.2,2,1,1,2884.529159292036
272091,22-04-1990,M,10,2,651,2,7897.44,3,4,4,6762.504741379312
274351,27-04-1990,M,9,0,459,1,1488.43,4,3,1,4224.888571428572
272230,28-04-1990,M,3,1,1427,1,629.85,1,2,1,2504.688516949152
273171,06-05-1990,M,10,0,391,2,1412.19,4,4,1,6915.3110000000015
274966,12-05-1990,M,8,1,1094,2,10141.69,1,4,4,6567.448333333333
268928,22-05-1990,M,8,0,1151,1,4518.35,1,1,3,2505.64496
268904,25-05-1990,M,5,1,1431,1,4536.02,1,1,3,2505.64496
272113,27-05-1990,M,4,0,365,1,4415.58,4,2,3,2467.866818181818
270943,28-05-1990,M,7,0,1370,1,1909.44,1,2,2,2504.688516949152
269846,06-06-1990,M,8,0,603,2,1117.15,3,3,1,3882.849653465345
270867,23-06-1990,M,6,2,689,1,4181.32,3,2,3,2721.3525625
270677,17-07-1990,M,2,3,739,1,6674.2,3,2,4,2721.3525625
271364,19-07-1990,M,8,0,378,1,1345.89,4,2,1,2467.866818181818
273045,20-07-1990,M,7,1,813,1,2280.72,2,2,2,2778.987763157896
274924,21-07-1990,M,9,0,545,3,2508.35,3,4,2,6762.504741379312
274489,22-07-1990,M,9,0,932,1,1407.77,2,3,1,3834.2104210526313
272382,23-07-1990,M,10,0,715,1,6602.38,3,2,4,2721.3525625
267738,07-08-1990,M,4,3,429,2,2732.66,4,3,2,4224.888571428572
268384,12-08-1990,M,1,1,996,1,5586.88,2,1,4,2884.529159292036
267300,12-08-1990,M,3,0,1031,1,609.96,2,1,1,2884.529159292036
271189,13-08-1990,M,9,0,791,1,4902.89,2,2,3,2778.987763157896
273489,17-08-1990,M,10,0,1266,1,2143.7,1,2,2,2504.688516949152
270496,18-08-1990,M,9,3,372,2,6160.38,4,3,4,4224.888571428572
274616,21-08-1990,M,7,2,537,2,7648.81,3,4,4,6762.504741379312
271353,22-08-1990,M,2,2,1080,2,5978.05,1,4,4,6567.448333333333
269393,24-08-1990,M,1,2,668,1,4806.75,3,1,3,2695.92375
273733,25-08-1990,M,1,0,1286,1,280.67,1,2,1,2504.688516949152
274166,26-08-1990,M,6,0,453,3,6020.04,4,4,4,6915.3110000000015
267971,02-09-1990,M,2,0,1387,1,1352.52,1,1,1,2505.64496
273290,03-09-1990,M,3,2,409,4,5169.19,4,4,3,6915.3110000000015
273386,09-09-1990,M,5,0,308,2,1893.97,4,4,2,6915.3110000000015
274657,09-09-1990,M,5,1,379,1,3749.26,4,3,3,4224.888571428572
266853,18-09-1990,M,6,0,311,2,4130.49,4,3,3,4224.888571428572
274979,27-09-1990,M,1,0,947,1,3303.95,2,3,3,3834.2104210526313
275130,29-09-1990,M,10,0,1336,1,1601.14,1,3,2,3765.3049473684223
270239,05-10-1990,M,9,3,1366,1,2128.23,1,1,2,2505.64496
270615,07-10-1990,M,1,1,493,1,535.92,4,2,1,2467.866818181818
273775,17-10-1990,M,9,0,1099,1,1238.7,1,2,1,2504.688516949152
268360,18-10-1990,M,2,2,615,2,1516.06,3,3,2,3882.849653465345
269594,24-10-1990,M,7,1,1274,1,2193.43,1,1,2,2505.64496
272858,01-11-1990,M,1,0,1099,2,1576.84,1,4,2,6567.448333333333
273894,08-11-1990,M,3,3,865,1,7375.88,2,3,4,3834.2104210526313
267864,17-11-1990,M,3,1,277,2,6308.44,4,3,4,4224.888571428572
271811,28-11-1990,M,3,0,388,1,792.28,4,2,1,2467.866818181818
272165,01-12-1990,M,4,1,1319,3,6276.4,1,4,4,6567.448333333333
270949,09-12-1990,M,9,0,495,1,724.88,4,2,1,2467.866818181818
274398,10-12-1990,M,1,3,1326,1,4389.06,1,3,3,3765.3049473684223
271767,14-12-1990,M,4,0,546,1,5038.8,3,2,3,2721.3525625
267813,15-12-1990,M,7,1,1402,1,3924.96,1,1,3,2505.64496
270633,15-12-1990,M,10,0,307,2,5650.97,4,3,4,4224.888571428572
266878,20-12-1990,M,4,1,557,3,10836.74,3,4,4,6762.504741379312
274790,25-12-1990,M,10,2,387,2,5165.88,4,4,3,6915.3110000000015
274821,08-01-1991,M,9,1,705,1,7287.48,3,3,4,3882.849653465345
273337,08-01-1991,M,1,0,502,1,500.56,3,2,1,2721.3525625
267467,10-01-1991,M,9,0,979,1,367.96,2,1,1,2884.529159292036
269147,13-01-1991,M,10,0,1071,1,1043.12,1,1,1,2505.64496
267537,03-02-1991,M,4,2,1156,1,3543.74,1,1,3,2505.64496
273714,03-02-1991,M,7,0,620,1,1053.07,3,2,1,2721.3525625
274463,21-02-1991,M,1,0,534,2,5169.19,3,4,3,6762.504741379312
274311,23-02-1991,M,8,0,1295,1,2225.47,1,3,2,3765.3049473684223
273562,25-02-1991,M,3,0,425,3,3821.09,4,4,3,6915.3110000000015
268100,26-02-1991,M,1,1,1267,1,1127.1,1,1,1,2505.64496
269453,26-02-1991,M,3,0,1234,1,748.09,1,1,1,2505.64496
271110,02-03-1991,M,8,1,671,1,5629.98,3,2,4,2721.3525625
273081,05-03-1991,M,1,3,703,4,14787.11,3,4,4,6762.504741379312
271898,11-03-1991,M,3,2,456,2,4654.26,4,4,3,6915.3110000000015
274189,12-03-1991,M,1,0,889,1,3315.0,2,3,3,3834.2104210526313
271358,16-03-1991,M,10,0,431,1,1301.69,4,2,1,2467.866818181818
271356,16-03-1991,M,4,0,987,1,4353.7,2,2,3,2778.987763157896
268288,03-04-1991,M,1,0,1154,1,2327.13,1,1,2,2505.64496
268807,05-04-1991,M,7,1,516,3,2997.86,3,4,2,6762.504741379312
272133,10-04-1991,M,4,1,428,3,1392.3,4,4,1,6915.3110000000015
273181,17-04-1991,M,8,1,1048,1,3470.8,2,2,3,2778.987763157896
271768,23-04-1991,M,7,0,1389,1,1342.58,1,2,1,2504.688516949152
273802,04-05-1991,M,2,0,729,1,512.72,3,2,1,2721.3525625
273991,26-05-1991,M,2,2,884,1,6188.0,2,3,4,3834.2104210526313
273033,28-05-1991,M,7,1,1287,2,6252.09,1,4,4,6567.448333333333
267450,17-06-1991,M,8,1,853,1,4160.32,2,1,3,2884.529159292036
272515,21-06-1991,M,8,2,92,3,5960.37,4,4,4,6915.3110000000015
269300,21-06-1991,M,7,0,718,1,2461.94,3,1,2,2695.92375
274748,22-06-1991,M,1,2,771,3,4028.83,2,4,3,6461.743134328361
268919,27-06-1991,M,10,1,32,2,6099.6,4,3,4,4224.888571428572
274601,03-07-1991,M,1,0,882,1,3718.32,2,3,3,3834.2104210526313
269716,06-07-1991,M,5,0,511,1,2596.75,3,1,2,2695.92375
271044,08-07-1991,M,6,0,542,1,1307.21,3,2,1,2721.3525625
271701,11-07-1991,M,7,0,336,2,3165.82,4,4,3,6915.3110000000015
267656,15-07-1991,M,3,0,309,2,6378.06,4,3,4,4224.888571428572
274055,18-07-1991,M,6,0,1233,1,8281.98,1,3,4,3765.3049473684223
272198,20-07-1991,M,7,0,1016,1,1299.48,2,2,1,2778.987763157896
268767,25-07-1991,M,3,0,478,1,2185.69,4,1,2,2495.183644067797
270105,04-08-1991,M,5,2,1087,2,4181.32,1,3,3,3765.3049473684223
273143,10-08-1991,M,4,0,1141,1,872.95,1,2,1,2504.688516949152
269911,12-08-1991,M,8,3,764,4,14230.19,2,4,4,6461.743134328361
266906,16-08-1991,M,10,2,548,2,4165.85,3,3,3,3882.849653465345
269997,13-09-1991,M,8,0,1094,1,784.55,1,1,1,2505.64496
271311,14-09-1991,M,3,0,408,2,2035.41,4,4,2,6915.3110000000015
275251,14-09-1991,M,4,0,1059,1,318.24,2,3,1,3834.2104210526313
272912,23-09-1991,M,9,2,976,2,4237.68,2,4,3,6461.743134328361
268830,03-10-1991,M,7,1,470,1,6033.3,4,1,4,2495.183644067797
273982,12-10-1991,M,4,0,456,1,442.0,4,3,1,4224.888571428572
272816,14-10-1991,M,4,0,184,3,12728.5,4,4,4,6915.3110000000015
267067,01-11-1991,M,5,0,943,2,1734.85,2,3,2,3834.2104210526313
274260,10-11-1991,M,3,3,1215,1,3823.3,1,3,3,3765.3049473684223
273125,10-11-1991,M,10,0,1378,1,656.37,1,2,1,2504.688516949152
270845,18-11-1991,M,2,0,642,2,2989.03,3,3,2,3882.849653465345
267977,27-11-1991,M,9,3,528,2,3132.68,3,3,2,3882.849653465345
267654,07-12-1991,M,7,0,1261,1,1905.02,1,1,2,2505.64496
271023,20-12-1991,M,10,2,785,1,2289.56,2,2,2,2778.987763157896
266821,27-12-1991,M,5,1,860,2,1480.7,2,3,1,3834.2104210526313
271116,04-01-1992,M,3,1,952,3,5860.92,2,4,4,6461.743134328361
272602,15-01-1992,M,9,0,1205,1,3184.61,1,2,3,2504.688516949152
269959,18-01-1992,M,2,3,1015,1,2833.22,2,1,2,2884.529159292036
269155,28-01-1992,M,6,1,401,4,12413.57,4,4,4,6915.3110000000015
270625,03-02-1992,M,6,0,1354,1,2795.65,1,2,2,2504.688516949152
267811,15-02-1992,M,2,0,344,2,13012.48,4,3,4,4224.888571428572
271571,16-02-1992,M,7,1,1194,1,6917.3,1,2,4,2504.688516949152
273094,22-02-1992,M,3,3,317,3,8299.65,4,4,4,6915.3110000000015
267316,22-02-1992,M,1,2,407,3,15875.53,4,4,4,6915.3110000000015
271047,29-02-1992,M,2,0,1049,1,3013.34,2,2,2,2778.987763157896
271712,06-03-1992,M,2,0,781,1,2075.19,2,2,2,2778.987763157896
274675,07-03-1992,M,6,2,700,1,3394.56,3,3,3,3882.849653465345
269694,14-03-1992,M,2,0,432,2,12021.3,4,3,4,4224.888571428572
273243,16-03-1992,M,1,1,957,1,1629.88,2,2,2,2778.987763157896
270473,06-04-1992,M,4,0,935,1,7845.5,2,2,4,2778.987763157896
270908,17-04-1992,M,5,3,445,4,15626.91,4,4,4,6915.3110000000015
269365,26-04-1992,M,8,3,476,1,2393.43,4,1,2,2495.183644067797
275168,29-04-1992,M,5,1,761,2,2075.19,3,4,2,6762.504741379312
269861,04-05-1992,M,2,3,639,1,4687.41,3,1,3,2695.92375
267701,18-05-1992,M,2,0,1081,1,489.51,1,1,1,2505.64496
268203,20-05-1992,M,7,0,481,1,4236.57,4,1,3,2495.183644067797
270849,26-05-1992,M,9,0,1045,1,3775.78,2,2,3,2778.987763157896
271735,05-06-1992,M,8,0,62,3,3996.78,4,4,3,6915.3110000000015
273526,12-06-1992,M,6,3,1336,1,1445.34,1,2,1,2504.688516949152
267446,16-06-1992,M,6,1,524,3,15752.88,3,4,4,6762.504741379312
271876,23-06-1992,M,6,0,1400,1,1365.78,1,2,1,2504.688516949152
267952,24-06-1992,M,10,0,409,1,709.41,4,1,1,2495.183644067797
271945,25-06-1992,M,2,1,1191,1,1675.18,1,2,2,2504.688516949152
270288,27-06-1992,M,8,0,864,2,6526.13,2,3,4,3834.2104210526313
270658,29-06-1992,M,10,0,467,2,4300.66,4,3,3,4224.888571428572
269848,03-07-1992,M,6,0,880,1,4561.44,2,1,3,2884.529159292036
273825,04-07-1992,M,7,1,800,2,10116.27,2,4,4,6461.743134328361
269958,04-07-1992,M,3,3,960,2,4512.82,2,3,3,3834.2104210526313
271352,18-07-1992,M,8,0,323,1,951.4,4,2,1,2467.866818181818
273420,27-07-1992,M,8,0,447,1,583.44,4,2,1,2467.866818181818
272242,02-08-1992,M,7,0,462,4,6439.94,4,4,4,6915.3110000000015
274107,08-08-1992,M,9,0,798,1,672.95,2,3,1,3834.2104210526313
269601,13-08-1992,M,5,1,922,2,786.76,2,3,1,3834.2104210526313
269219,17-08-1992,M,8,0,409,1,2185.69,4,1,2,2495.183644067797
274573,26-08-1992,M,7,0,1393,1,1134.84,1,3,1,3765.3049473684223
266902,28-08-1992,M,7,1,1070,1,3073.01,1,1,2,2505.64496
270334,07-09-1992,M,4,0,1070,1,4936.03,1,2,3,2504.688516949152
267575,08-09-1992,M,8,1,945,2,7022.27,2,3,4,3834.2104210526313
273635,14-09-1992,M,5,3,1374,1,2475.2,1,2,2,2504.688516949152
267134,14-09-1992,M,2,2,871,2,6254.3,2,3,4,3834.2104210526313
271758,20-09-1992,M,4,2,307,2,1962.48,4,4,2,6915.3110000000015
270786,20-09-1992,M,10,0,749,2,2433.21,3,3,2,3882.849653465345
268855,25-09-1992,M,4,1,304,2,3585.73,4,3,3,4224.888571428572
272722,03-10-1992,M,4,1,422,1,521.56,4,2,1,2467.866818181818
273220,09-10-1992,M,5,2,124,1,1887.34,4,2,2,2467.866818181818
270350,15-10-1992,M,7,0,425,2,2747.03,4,3,2,4224.888571428572
273656,18-10-1992,M,8,3,606,2,7527.26,3,4,4,6762.504741379312
272683,19-10-1992,M,2,3,424,2,4815.59,4,4,3,6915.3110000000015
274339,23-10-1992,M,6,3,1013,3,12183.73,2,4,4,6461.743134328361
270416,23-10-1992,M,4,2,697,1,3403.4,3,2,3,2721.3525625
267167,26-10-1992,M,6,2,1198,2,3810.04,1,3,3,3765.3049473684223
270386,02-11-1992,M,2,0,850,2,1918.28,2,3,2,3834.2104210526313
273233,12-11-1992,M,2,0,889,1,2327.13,2,2,2,2778.987763157896
267094,24-11-1992,M,9,1,1402,2,974.61,1,3,1,3765.3049473684223
274367,26-11-1992,M,7,3,826,3,5841.03,2,4,4,6461.743134328361
271894,27-11-1992,M,1,3,1065,2,8031.14,1,4,4,6567.448333333333
269145,04-12-1992,M,1,0,1136,1,583.44,1,1,1,2505.64496
274861,08-12-1992,M,10,3,1320,1,5342.68,1,3,3,3765.3049473684223
271385,08-12-1992,M,1,2,441,2,5692.96,4,4,4,6915.3110000000015
267666,24-12-1992,M,6,3,867,2,9017.91,2,3,4,3834.2104210526313
