transaction_id,cust_id,tran_date,prod_subcat_code,prod_cat_code,Qty,Rate,Tax,total_amt,Store_type,prod_cat,prod_sub_cat_code,prod_subcat,customer_Id,DOB,Gender,city_code
91296094258,273269,2011-01-03,1,2,4,510,214.2,2254.2,TeleShop,Footwear,1,Mens,273269,09-07-1982,M,3
20032892790,269669,2011-01-07,6,5,2,992,208.32,2192.32,TeleShop,Books,6,DIY,269669,26-11-1987,F,3
21475698119,273290,2011-01-08,9,3,1,166,17.43,183.43,TeleShop,Electronics,9,Cameras,273290,03-09-1990,M,3
19953630628,271634,2011-01-10,12,5,3,950,299.25,3149.25,TeleShop,Books,12,Academic,271634,01-05-1977,F,3
53196901761,271233,2011-01-11,1,4,5,1142,599.55,6309.55,TeleShop,Bags,1,Mens,271233,03-07-1982,M,3
60639526665,273560,2011-01-12,4,4,4,770,323.4,3403.4,TeleShop,Bags,4,Women,273560,09-12-1984,M,3
98361854847,273273,2011-01-26,5,3,4,1198,503.16,5295.16,TeleShop,Electronics,5,Computers,273273,17-12-1978,M,3
21279283580,271051,2011-01-28,11,5,2,1375,288.75,3038.75,TeleShop,Books,11,Children,271051,13-02-1976,F,3
9927495611,269965,2011-01-29,5,3,1,1236,129.78,1365.78,TeleShop,Electronics,5,Computers,269965,09-08-1977,M,3
50288668196,271923,2011-01-29,12,6,3,371,116.865,1229.865,TeleShop,Home and kitchen,12,Tools,271923,07-11-1978,M,3
98300563195,269820,2011-02-02,3,5,3,185,58.275,613.275,TeleShop,Books,3,Comics,269820,01-09-1987,M,3
42273905775,269396,2011-02-04,2,6,5,88,46.2,486.2,TeleShop,Home and kitchen,2,Furnishing,269396,25-11-1971,M,3
31907049150,267805,2011-02-07,10,6,3,1420,447.3,4707.3,TeleShop,Home and kitchen,10,Kitchen,267805,25-09-1991,M,3
96548039065,269296,2011-02-17,10,5,3,672,211.68,2227.68,TeleShop,Books,10,Non-Fiction,269296,12-08-1987,F,3
96548039065,269296,2011-02-18,10,5,3,-672,211.68,2227.68,TeleShop,Books,10,Non-Fiction,269296,12-08-1987,F,3
56332731706,274930,2011-02-20,3,1,1,814,85.47,899.47,TeleShop,Clothing,3,Kids,274930,21-09-1981,M,3
51570182711,273201,2011-02-21,12,6,4,313,131.46,1383.46,TeleShop,Home and kitchen,12,Tools,273201,27-03-1979,M,3
28886882858,270450,2011-02-21,7,5,2,1103,231.63,2437.63,TeleShop,Books,7,Fiction,270450,24-04-1970,F,3
16118245250,269014,2011-02-24,12,5,3,974,306.81,3228.81,TeleShop,Books,12,Academic,269014,27-11-1979,F,3
32838390961,272920,2011-02-25,12,5,5,389,204.225,2149.225,TeleShop,Books,12,Academic,272920,01-08-1983,M,3
79224852182,266810,2011-03-13,9,3,5,899,471.975,4966.975,TeleShop,Electronics,9,Cameras,266810,16-08-1981,F,3
92919220599,269482,2011-03-14,12,6,3,929,292.635,3079.635,TeleShop,Home and kitchen,12,Tools,269482,06-03-1978,F,3
22790738900,273840,2011-03-15,5,3,1,906,95.13,1001.13,TeleShop,Electronics,5,Computers,273840,01-07-1970,M,3
94925617839,266785,2011-03-15,4,2,5,1251,656.775,6911.775,TeleShop,Footwear,4,Kids,266785,29-06-1985,F,3
22924673703,272526,2011-03-16,11,6,2,1189,249.69,2627.69,TeleShop,Home and kitchen,11,Bath,272526,26-09-1985,M,3
30166751112,273872,2011-03-18,8,3,5,856,449.4,4729.4,TeleShop,Electronics,8,Personal Appliances,273872,09-12-1977,F,3
22924673703,272526,2011-03-19,11,6,2,-1189,249.69,2627.69,TeleShop,Home and kitchen,11,Bath,272526,26-09-1985,M,3
57014925827,273254,2011-03-19,1,1,2,186,39.06,411.06,TeleShop,Clothing,1,Women,273254,05-07-1982,M,3
79542115542,274414,2011-03-19,11,5,4,1428,599.76,6311.76,TeleShop,Books,11,Children,274414,09-03-1983,F,3
86227546906,273290,2011-03-20,12,5,3,578,182.07,1916.07,TeleShop,Books,12,Academic,273290,03-09-1990,M,3
93387109059,269631,2011-03-21,10,3,2,734,154.14,1622.14,TeleShop,Electronics,10,Audio and video,269631,09-06-1982,F,3
97571950055,272249,2011-03-21,8,3,2,795,166.95,1756.95,TeleShop,Electronics,8,Personal Appliances,272249,16-10-1978,M,3
31959024362,273414,2011-03-23,4,1,2,91,19.11,201.11,TeleShop,Clothing,4,Mens,273414,26-10-1980,M,3
97571950055,272249,2011-03-24,8,3,2,-795,166.95,1756.95,TeleShop,Electronics,8,Personal Appliances,272249,16-10-1978,M,3
77290177333,268481,2011-03-25,4,4,5,1467,770.175,8105.175,TeleShop,Bags,4,Women,268481,15-11-1970,F,3
31192299375,272774,2011-03-27,8,3,4,744,312.48,3288.48,TeleShop,Electronics,8,Personal Appliances,272774,24-10-1989,M,3
24134900156,274260,2011-03-31,2,6,2,304,63.84,671.84,TeleShop,Home and kitchen,2,Furnishing,274260,10-11-1991,M,3
93259615588,273646,2011-03-31,1,4,1,192,20.16,212.16,TeleShop,Bags,1,Mens,273646,08-06-1989,F,3
37037654336,271154,2011-04-04,4,2,2,779,163.59,1721.59,TeleShop,Footwear,4,Kids,271154,08-05-1975,M,3
55461577737,273763,2011-04-07,11,6,4,279,117.18,1233.18,TeleShop,Home and kitchen,11,Bath,273763,26-07-1990,F,3
62239147922,272627,2011-04-07,3,1,4,-613,257.46,2709.46,TeleShop,Clothing,3,Kids,272627,19-04-1970,F,3
26586803739,268497,2011-04-08,10,3,2,502,105.42,1109.42,TeleShop,Electronics,10,Audio and video,268497,04-04-1980,F,3
65469316488,266888,2011-04-09,7,5,2,323,67.83,713.83,TeleShop,Books,7,Fiction,266888,29-04-1977,M,3
84946055220,274707,2011-04-09,11,5,5,554,290.85,3060.85,TeleShop,Books,11,Children,274707,14-08-1988,M,3
60428988982,275144,2011-04-11,4,2,3,277,87.255,918.255,TeleShop,Footwear,4,Kids,275144,13-01-1983,F,3
58088882483,272201,2011-04-17,1,4,5,969,508.725,5353.725,TeleShop,Bags,1,Mens,272201,13-03-1977,F,3
98211202963,271827,2011-04-18,3,2,1,877,92.085,969.085,TeleShop,Footwear,3,Women,271827,21-06-1971,M,3
2851810788,271201,2011-04-24,3,5,4,422,177.24,1865.24,TeleShop,Books,3,Comics,271201,17-07-1974,F,3
73321300480,273562,2011-05-07,7,5,2,136,28.56,300.56,TeleShop,Books,7,Fiction,273562,25-02-1991,M,3
5778108662,273684,2011-05-08,4,2,4,983,412.86,4344.86,TeleShop,Footwear,4,Kids,273684,11-09-1992,M,3
2733911370,270374,2011-05-10,10,6,2,897,188.37,1982.37,TeleShop,Home and kitchen,10,Kitchen,270374,22-11-1984,M,3
93455860097,271947,2011-05-11,4,1,3,1078,339.57,3573.57,TeleShop,Clothing,4,Mens,271947,06-01-1976,M,3
7810628425,272546,2011-05-14,11,6,2,669,140.49,1478.49,TeleShop,Home and kitchen,11,Bath,272546,14-10-1974,F,3
67888779615,273306,2011-05-15,8,3,3,993,312.795,3291.795,TeleShop,Electronics,8,Personal Appliances,273306,28-12-1988,M,3
63775695661,268477,2011-05-24,3,2,3,783,246.645,2595.645,TeleShop,Footwear,3,Women,268477,19-05-1974,F,3
78504919301,271154,2011-05-26,10,6,4,746,313.32,3297.32,TeleShop,Home and kitchen,10,Kitchen,271154,08-05-1975,M,3
78504919301,271154,2011-05-28,10,6,4,-746,313.32,3297.32,TeleShop,Home and kitchen,10,Kitchen,271154,08-05-1975,M,3
86779563042,271032,2011-05-29,6,5,2,552,115.92,1219.92,TeleShop,Books,6,DIY,271032,06-04-1988,M,3
33729725719,269139,2011-05-29,4,3,5,619,324.975,3419.975,TeleShop,Electronics,4,Mobiles,269139,20-02-1971,M,3
35220334568,270396,2011-05-30,2,6,1,601,63.105,664.105,TeleShop,Home and kitchen,2,Furnishing,270396,01-05-1985,M,3
57925843329,274114,2011-06-07,3,1,5,574,301.35,3171.35,TeleShop,Clothing,3,Kids,274114,05-12-1986,F,3
45403621269,268848,2011-06-13,11,5,4,959,402.78,4238.78,TeleShop,Books,11,Children,268848,10-08-1985,F,3
60222247799,268481,2011-06-13,6,5,2,1446,303.66,3195.66,TeleShop,Books,6,DIY,268481,15-11-1970,F,3
86169544592,273034,2011-06-14,10,3,4,326,136.92,1440.92,TeleShop,Electronics,10,Audio and video,273034,14-08-1979,M,3
60222247799,268481,2011-06-15,6,5,2,-1446,303.66,3195.66,TeleShop,Books,6,DIY,268481,15-11-1970,F,3
84221678705,274747,2011-06-15,12,5,5,961,504.525,5309.525,TeleShop,Books,12,Academic,274747,16-06-1976,F,3
77744776142,269320,2011-06-18,4,4,5,269,141.225,1486.225,TeleShop,Bags,4,Women,269320,29-06-1981,F,3
53533717388,272219,2011-06-19,9,3,5,486,255.15,2685.15,TeleShop,Electronics,9,Cameras,272219,19-06-1976,M,3
77617368559,274621,2011-06-19,4,1,5,756,396.9,4176.9,TeleShop,Clothing,4,Mens,274621,26-04-1980,F,3
22291552310,268596,2011-06-19,3,1,3,1466,461.79,4859.79,TeleShop,Clothing,3,Kids,268596,01-12-1989,M,3
41696062241,271981,2011-06-20,1,4,2,356,74.76,786.76,TeleShop,Bags,1,Mens,271981,10-02-1985,M,3
54501664847,273123,2011-06-21,4,2,3,925,291.375,3066.375,TeleShop,Footwear,4,Kids,273123,19-06-1987,M,3
13731811357,270279,2011-06-22,1,4,4,126,52.92,556.92,TeleShop,Bags,1,Mens,270279,07-12-1975,F,3
87961080005,269482,2011-06-22,3,2,1,400,42.0,442.0,TeleShop,Footwear,3,Women,269482,06-03-1978,F,3
62239147922,272627,2011-06-28,3,1,4,613,257.46,2709.46,TeleShop,Clothing,3,Kids,272627,19-04-1970,F,3
73321300480,273562,2011-07-07,7,5,2,-136,28.56,300.56,TeleShop,Books,7,Fiction,273562,25-02-1991,M,3
36433916041,273290,2011-07-13,10,5,4,156,65.52,689.52,TeleShop,Books,10,Non-Fiction,273290,03-09-1990,M,3
80442013679,268261,2011-07-14,8,3,2,88,18.48,194.48,TeleShop,Electronics,8,Personal Appliances,268261,06-05-1975,F,3
67341276287,273478,2011-07-24,10,3,5,1256,659.4,6939.4,TeleShop,Electronics,10,Audio and video,273478,20-10-1972,F,3
95333892025,272666,2011-07-25,10,3,2,340,71.4,751.4,TeleShop,Electronics,10,Audio and video,272666,19-02-1974,F,3
77480994356,270489,2011-07-26,4,4,2,139,29.19,307.19,TeleShop,Bags,4,Women,270489,16-04-1992,F,3
33725743887,274054,2011-07-26,8,3,2,346,72.66,764.66,TeleShop,Electronics,8,Personal Appliances,274054,20-07-1974,M,3
63828650347,270758,2011-07-28,3,1,3,565,177.975,1872.975,TeleShop,Clothing,3,Kids,270758,17-12-1978,M,3
39737756357,274875,2011-07-30,3,1,3,677,213.255,2244.255,TeleShop,Clothing,3,Kids,274875,09-11-1992,F,3
96364051648,272546,2011-07-31,1,2,3,1434,451.71,4753.71,TeleShop,Footwear,1,Mens,272546,14-10-1974,F,3
93316742365,267613,2011-08-03,8,3,5,462,242.55,2552.55,TeleShop,Electronics,8,Personal Appliances,267613,15-09-1970,M,3
78712360442,273504,2011-08-08,11,6,2,1061,222.81,2344.81,TeleShop,Home and kitchen,11,Bath,273504,20-06-1979,F,3
37023191236,268133,2011-08-08,10,3,3,244,76.86,808.86,TeleShop,Electronics,10,Audio and video,268133,23-01-1978,M,3
66469688985,270852,2011-08-13,1,2,2,1498,314.58,3310.58,TeleShop,Footwear,1,Mens,270852,17-04-1989,F,3
81429200716,269212,2011-08-16,7,5,3,726,228.69,2406.69,TeleShop,Books,7,Fiction,269212,26-07-1987,M,3
98159908204,272431,2011-08-18,9,3,2,1260,264.6,2784.6,TeleShop,Electronics,9,Cameras,272431,03-10-1979,F,3
38152757314,269776,2011-08-20,12,5,2,673,141.33,1487.33,TeleShop,Books,12,Academic,269776,04-08-1979,F,3
96296377194,272727,2011-08-24,4,1,1,1228,128.94,1356.94,TeleShop,Clothing,4,Mens,272727,20-02-1973,M,3
28473515266,275089,2011-08-27,7,5,4,113,47.46,499.46,TeleShop,Books,7,Fiction,275089,10-09-1987,F,3
4274881969,272003,2011-08-30,3,2,4,186,78.12,822.12,TeleShop,Footwear,3,Women,272003,24-12-1973,M,3
83240045626,273878,2011-09-04,6,5,5,453,237.825,2502.825,TeleShop,Books,6,DIY,273878,19-01-1975,M,3
34737113200,272796,2011-09-07,11,6,3,993,312.795,3291.795,TeleShop,Home and kitchen,11,Bath,272796,02-10-1975,M,3
97063839362,273644,2011-09-07,10,6,5,512,268.8,2828.8,TeleShop,Home and kitchen,10,Kitchen,273644,01-09-1973,F,3
24141308875,274114,2011-09-08,4,3,2,474,99.54,1047.54,TeleShop,Electronics,4,Mobiles,274114,05-12-1986,F,3
13111969923,267320,2011-09-09,3,5,1,1275,133.875,1408.875,TeleShop,Books,3,Comics,267320,25-02-1973,M,3
53513109680,268598,2011-09-12,1,2,5,822,431.55,4541.55,TeleShop,Footwear,1,Mens,268598,24-08-1977,M,3
85731154914,274433,2011-09-15,6,5,3,1012,318.78,3354.78,TeleShop,Books,6,DIY,274433,23-11-1991,M,3
17500591842,269158,2011-09-16,1,2,4,372,156.24,1644.24,TeleShop,Footwear,1,Mens,269158,05-01-1992,F,3
17725976679,272660,2011-09-24,6,5,1,226,23.73,249.73,TeleShop,Books,6,DIY,272660,06-06-1978,M,3
71011635479,271153,2011-09-26,12,6,5,431,226.275,2381.275,TeleShop,Home and kitchen,12,Tools,271153,07-04-1985,F,3
37985712331,268823,2011-09-26,10,3,4,168,70.56,742.56,TeleShop,Electronics,10,Audio and video,268823,13-02-1985,M,3
1045770123,273684,2011-09-28,11,6,3,632,199.08,2095.08,TeleShop,Home and kitchen,11,Bath,273684,11-09-1992,M,3
53880098904,270920,2011-09-29,2,6,4,211,88.62,932.62,TeleShop,Home and kitchen,2,Furnishing,270920,25-04-1975,M,3
49752420838,274904,2011-09-30,8,3,3,1286,405.09,4263.09,TeleShop,Electronics,8,Personal Appliances,274904,14-04-1981,M,3
93047575305,267643,2011-10-06,9,3,5,1417,743.925,7828.925,TeleShop,Electronics,9,Cameras,267643,12-06-1977,M,3
27277900932,266809,2011-10-07,3,1,5,1013,531.825,5596.825,TeleShop,Clothing,3,Kids,266809,26-02-1980,F,3
82978335567,267629,2011-10-07,1,1,5,948,497.7,5237.7,TeleShop,Clothing,1,Women,267629,02-12-1986,F,3
76227091573,269631,2011-10-08,7,5,1,1207,126.735,1333.735,TeleShop,Books,7,Fiction,269631,09-06-1982,F,3
38138075306,270163,2011-10-09,1,2,3,496,156.24,1644.24,TeleShop,Footwear,1,Mens,270163,24-09-1977,F,3
93455860097,271947,2011-10-11,4,1,3,-1078,339.57,3573.57,TeleShop,Clothing,4,Mens,271947,06-01-1976,M,3
13066820512,273882,2011-10-14,5,3,3,340,107.1,1127.1,TeleShop,Electronics,5,Computers,273882,29-08-1986,F,3
6726102323,267522,2011-10-17,1,1,2,1260,264.6,2784.6,TeleShop,Clothing,1,Women,267522,28-02-1976,M,3
98569554011,271923,2011-10-28,1,4,3,595,187.425,1972.425,TeleShop,Bags,1,Mens,271923,07-11-1978,M,3
50209781475,274327,2011-10-31,10,5,3,1384,435.96,4587.96,TeleShop,Books,10,Non-Fiction,274327,24-02-1991,F,3
48104255729,270396,2011-11-03,1,4,4,695,291.9,3071.9,TeleShop,Bags,1,Mens,270396,01-05-1985,M,3
60396257509,267660,2011-11-04,12,6,4,125,52.5,552.5,TeleShop,Home and kitchen,12,Tools,267660,14-09-1981,M,3
6830969116,270937,2011-11-05,10,6,1,427,44.835,471.835,TeleShop,Home and kitchen,10,Kitchen,270937,27-05-1976,F,3
67501722969,272945,2011-11-10,11,6,4,1008,423.36,4455.36,TeleShop,Home and kitchen,11,Bath,272945,20-02-1979,M,3
81343460321,269965,2011-11-11,11,6,1,447,46.935,493.935,TeleShop,Home and kitchen,11,Bath,269965,09-08-1977,M,3
95184300080,268229,2011-11-15,10,3,2,1171,245.91,2587.91,TeleShop,Electronics,10,Audio and video,268229,01-03-1989,F,3
21821205661,273536,2011-11-22,5,3,4,-913,383.46,4035.46,TeleShop,Electronics,5,Computers,273536,25-12-1988,M,3
68211128863,270762,2011-11-23,5,3,3,705,222.075,2337.075,TeleShop,Electronics,5,Computers,270762,17-09-1988,M,3
5090971806,269396,2011-11-25,10,5,2,716,150.36,1582.36,TeleShop,Books,10,Non-Fiction,269396,25-11-1971,M,3
58934732897,273185,2011-11-27,6,5,2,347,72.87,766.87,TeleShop,Books,6,DIY,273185,21-05-1984,F,3
20921819676,271279,2011-11-28,10,5,4,211,88.62,932.62,TeleShop,Books,10,Non-Fiction,271279,24-08-1973,M,3
60530380334,268473,2011-12-05,4,2,2,981,206.01,2168.01,TeleShop,Footwear,4,Kids,268473,22-07-1990,F,3
5109314776,269651,2011-12-06,11,6,5,782,410.55,4320.55,TeleShop,Home and kitchen,11,Bath,269651,03-01-1984,M,3
21821205661,273536,2011-12-11,5,3,4,913,383.46,4035.46,TeleShop,Electronics,5,Computers,273536,25-12-1988,M,3
63835852277,271603,2011-12-11,4,1,1,673,70.665,743.665,TeleShop,Clothing,4,Mens,271603,24-12-1985,M,3
117003344,269965,2011-12-12,5,3,2,551,115.71,1217.71,TeleShop,Electronics,5,Computers,269965,09-08-1977,M,3
10163488251,268251,2011-12-15,2,6,2,664,139.44,1467.44,TeleShop,Home and kitchen,2,Furnishing,268251,29-12-1990,F,3
73038110424,274172,2011-12-15,7,5,1,191,20.055,211.055,TeleShop,Books,7,Fiction,274172,23-05-1989,F,3
58891325891,272148,2011-12-17,10,6,4,190,79.8,839.8,TeleShop,Home and kitchen,10,Kitchen,272148,16-09-1987,F,3
7214136016,275265,2011-12-17,1,4,1,222,23.31,245.31,TeleShop,Bags,1,Mens,275265,01-01-1990,M,3
58891325891,272148,2011-12-18,10,6,4,-190,79.8,839.8,TeleShop,Home and kitchen,10,Kitchen,272148,16-09-1987,F,3
60757878133,269087,2011-12-21,9,3,5,654,343.35,3613.35,TeleShop,Electronics,9,Cameras,269087,06-11-1976,M,3
39309134233,270170,2011-12-22,10,6,1,222,23.31,245.31,TeleShop,Home and kitchen,10,Kitchen,270170,17-01-1987,M,3
97937142411,268251,2011-12-24,4,1,1,1382,145.11,1527.11,TeleShop,Clothing,4,Mens,268251,29-12-1990,F,3
58206263103,269877,2011-12-26,8,3,5,344,180.6,1900.6,TeleShop,Electronics,8,Personal Appliances,269877,12-08-1987,F,3
54519181297,269670,2011-12-28,7,5,4,1218,511.56,5383.56,TeleShop,Books,7,Fiction,269670,07-01-1978,M,3
41367152846,275229,2011-12-29,12,6,4,449,188.58,1984.58,TeleShop,Home and kitchen,12,Tools,275229,16-11-1988,M,3
64375545298,272192,2011-12-31,6,5,3,1222,384.93,4050.93,TeleShop,Books,6,DIY,272192,10-12-1971,F,3
17960226367,266785,2012-01-02,11,5,5,917,481.425,5066.425,TeleShop,Books,11,Children,266785,29-06-1985,F,3
72839432302,270400,2012-01-06,4,3,1,755,79.275,834.275,TeleShop,Electronics,4,Mobiles,270400,24-11-1978,F,3
37706735784,268221,2012-01-08,11,6,5,712,373.8,3933.8,TeleShop,Home and kitchen,11,Bath,268221,22-03-1977,M,3
19644090759,270860,2012-01-08,1,4,2,816,171.36,1803.36,TeleShop,Bags,1,Mens,270860,26-11-1973,M,3
27262775822,274621,2012-01-11,8,3,1,1500,157.5,1657.5,TeleShop,Electronics,8,Personal Appliances,274621,26-04-1980,F,3
56830049898,270279,2012-01-12,9,3,2,1118,234.78,2470.78,TeleShop,Electronics,9,Cameras,270279,07-12-1975,F,3
62882990070,267867,2012-01-12,1,4,5,217,113.925,1198.925,TeleShop,Bags,1,Mens,267867,02-02-1972,M,3
70103155823,269124,2012-01-15,4,4,2,986,207.06,2179.06,TeleShop,Bags,4,Women,269124,28-02-1972,M,3
93292127618,273395,2012-01-16,4,1,2,728,152.88,1608.88,TeleShop,Clothing,4,Mens,273395,24-05-1978,M,3
93292127618,273395,2012-01-21,4,1,2,-728,152.88,1608.88,TeleShop,Clothing,4,Mens,273395,24-05-1978,M,3
23932060656,270396,2012-01-22,3,2,1,1493,156.765,1649.765,TeleShop,Footwear,3,Women,270396,01-05-1985,M,3
27139817149,273094,2012-01-23,1,4,3,143,45.045,474.045,TeleShop,Bags,1,Mens,273094,22-02-1992,M,3
1478006754,271102,2012-01-28,4,1,2,1187,249.27,2623.27,TeleShop,Clothing,4,Mens,271102,23-02-1980,M,3
39155855271,270039,2012-01-30,10,3,4,1253,526.26,5538.26,TeleShop,Electronics,10,Audio and video,270039,03-12-1980,M,3
27884619689,268661,2012-01-31,10,6,5,601,315.525,3320.525,TeleShop,Home and kitchen,10,Kitchen,268661,28-07-1988,M,3
54608865321,273214,2012-02-01,2,6,1,576,60.48,636.48,TeleShop,Home and kitchen,2,Furnishing,273214,01-08-1980,M,3
41367152846,275229,2012-02-01,12,6,4,-449,188.58,1984.58,TeleShop,Home and kitchen,12,Tools,275229,16-11-1988,M,3
20176908878,269803,2012-02-01,10,3,3,91,28.665,301.665,TeleShop,Electronics,10,Audio and video,269803,11-06-1989,F,3
52050108321,269941,2012-02-05,9,3,4,103,43.26,455.26,TeleShop,Electronics,9,Cameras,269941,24-10-1989,M,3
75526748454,272431,2012-02-07,4,1,3,290,91.35,961.35,TeleShop,Clothing,4,Mens,272431,03-10-1979,F,3
3335091043,269472,2012-02-11,12,5,1,596,62.58,658.58,TeleShop,Books,12,Academic,269472,14-06-1989,F,3
85905402039,271603,2012-02-13,4,2,5,1450,761.25,8011.25,TeleShop,Footwear,4,Kids,271603,24-12-1985,M,3
46315988768,270450,2012-02-19,12,6,4,78,32.76,344.76,TeleShop,Home and kitchen,12,Tools,270450,24-04-1970,F,3
38115037204,269820,2012-02-20,4,1,5,1140,598.5,6298.5,TeleShop,Clothing,4,Mens,269820,01-09-1987,M,3
21282164621,267522,2012-02-21,1,4,5,1150,603.75,6353.75,TeleShop,Bags,1,Mens,267522,28-02-1976,M,3
48107097626,274422,2012-02-24,5,3,1,736,77.28,813.28,TeleShop,Electronics,5,Computers,274422,12-06-1980,F,3
26554262342,272349,2012-02-26,12,6,4,574,241.08,2537.08,TeleShop,Home and kitchen,12,Tools,272349,09-08-1991,M,3
81434678609,268782,2012-03-02,7,5,1,1069,112.245,1181.245,TeleShop,Books,7,Fiction,268782,28-12-1987,M,3
7284770915,275170,2012-03-03,11,6,3,890,280.35,2950.35,TeleShop,Home and kitchen,11,Bath,275170,20-06-1980,F,3
6539114908,271079,2012-03-05,8,3,3,414,130.41,1372.41,TeleShop,Electronics,8,Personal Appliances,271079,27-11-1990,M,3
86241605018,270450,2012-03-05,12,6,1,1013,106.365,1119.365,TeleShop,Home and kitchen,12,Tools,270450,24-04-1970,F,3
42429336493,273060,2012-03-08,12,6,2,482,101.22,1065.22,TeleShop,Home and kitchen,12,Tools,273060,19-09-1991,F,3
52015127187,270957,2012-03-08,10,6,2,648,136.08,1432.08,TeleShop,Home and kitchen,10,Kitchen,270957,20-04-1977,M,3
37692043112,275157,2012-03-11,11,5,1,1062,111.51,1173.51,TeleShop,Books,11,Children,275157,10-05-1980,M,3
36221235368,272003,2012-03-14,4,3,4,493,207.06,2179.06,TeleShop,Electronics,4,Mobiles,272003,24-12-1973,M,3
75857779666,268661,2012-03-14,1,4,2,806,169.26,1781.26,TeleShop,Bags,1,Mens,268661,28-07-1988,M,3
11636789265,268536,2012-03-19,4,2,2,215,45.15,475.15,TeleShop,Footwear,4,Kids,268536,05-05-1974,F,3
20149759070,273030,2012-03-19,1,1,3,720,226.8,2386.8,TeleShop,Clothing,1,Women,273030,03-08-1972,F,3
19383988222,270489,2012-03-23,11,5,2,298,62.58,658.58,TeleShop,Books,11,Children,270489,16-04-1992,F,3
38999497584,272923,2012-03-24,5,3,1,217,22.785,239.785,TeleShop,Electronics,5,Computers,272923,19-03-1988,M,3
57743428829,272945,2012-04-01,4,1,2,1056,221.76,2333.76,TeleShop,Clothing,4,Mens,272945,20-02-1979,M,3
79777133013,269279,2012-04-02,1,1,2,787,165.27,1739.27,TeleShop,Clothing,1,Women,269279,10-11-1973,M,3
63163331006,271055,2012-04-03,4,2,2,290,60.9,640.9,TeleShop,Footwear,4,Kids,271055,14-05-1972,M,3
80537911471,267019,2012-04-04,3,5,5,490,257.25,2707.25,TeleShop,Books,3,Comics,267019,02-09-1989,M,3
54375738843,270852,2012-04-05,1,2,3,1251,394.065,4147.065,TeleShop,Footwear,1,Mens,270852,17-04-1989,F,3
61459538667,273536,2012-04-05,8,3,1,556,58.38,614.38,TeleShop,Electronics,8,Personal Appliances,273536,25-12-1988,M,3
85120927235,274632,2012-04-11,11,6,2,741,155.61,1637.61,TeleShop,Home and kitchen,11,Bath,274632,13-06-1971,F,3
41601502344,271278,2012-04-11,12,6,3,492,154.98,1630.98,TeleShop,Home and kitchen,12,Tools,271278,18-01-1992,M,3
35334225657,270653,2012-04-14,6,5,3,787,247.905,2608.905,TeleShop,Books,6,DIY,270653,05-12-1992,M,3
35334225657,270653,2012-04-20,6,5,3,-787,247.905,2608.905,TeleShop,Books,6,DIY,270653,05-12-1992,M,3
40865013277,267160,2012-04-21,9,3,5,1043,547.575,5762.575,TeleShop,Electronics,9,Cameras,267160,19-01-1974,M,3
14708430941,271487,2012-04-24,12,5,5,1302,683.55,7193.55,TeleShop,Books,12,Academic,271487,02-02-1988,F,3
36886091807,273481,2012-04-25,10,6,1,465,48.825,513.825,TeleShop,Home and kitchen,10,Kitchen,273481,03-08-1978,F,3
61384349252,272783,2012-04-26,12,5,3,1102,347.13,3653.13,TeleShop,Books,12,Academic,272783,01-04-1974,M,3
63456519020,267324,2012-04-27,11,5,5,787,413.175,4348.175,TeleShop,Books,11,Children,267324,26-09-1991,F,3
93875861406,273828,2012-04-30,4,4,3,489,154.035,1621.035,TeleShop,Bags,4,Women,273828,29-09-1976,M,3
7045208023,270694,2012-05-03,4,2,4,448,188.16,1980.16,TeleShop,Footwear,4,Kids,270694,06-08-1974,F,3
75526748454,272431,2012-05-07,4,1,3,-290,91.35,961.35,TeleShop,Clothing,4,Mens,272431,03-10-1979,F,3
30855813283,268419,2012-05-11,4,3,4,660,277.2,2917.2,TeleShop,Electronics,4,Mobiles,268419,23-12-1972,F,3
84654389282,274930,2012-05-13,3,5,4,1343,564.06,5936.06,TeleShop,Books,3,Comics,274930,21-09-1981,M,3
74708026250,271477,2012-05-14,10,5,5,906,475.65,5005.65,TeleShop,Books,10,Non-Fiction,271477,05-04-1990,M,3
98451448084,269854,2012-05-17,3,1,3,307,96.705,1017.705,TeleShop,Clothing,3,Kids,269854,23-08-1987,F,3
83890809130,267864,2012-05-18,4,1,3,470,148.05,1558.05,TeleShop,Clothing,4,Mens,267864,17-11-1990,M,3
78650376258,275125,2012-05-19,3,2,4,432,181.44,1909.44,TeleShop,Footwear,3,Women,275125,19-09-1975,F,3
61325345460,274224,2012-05-22,4,3,4,74,31.08,327.08,TeleShop,Electronics,4,Mobiles,274224,03-07-1986,M,3
51012814708,267324,2012-05-23,4,2,1,1347,141.435,1488.435,TeleShop,Footwear,4,Kids,267324,26-09-1991,F,3
53187031441,272954,2012-05-26,2,6,5,1500,787.5,8287.5,TeleShop,Home and kitchen,2,Furnishing,272954,05-06-1980,F,3
52290445323,266823,2012-05-28,10,3,4,748,314.16,3306.16,TeleShop,Electronics,10,Audio and video,266823,03-06-1986,M,3
16995312830,268881,2012-05-29,12,6,4,353,148.26,1560.26,TeleShop,Home and kitchen,12,Tools,268881,11-09-1986,F,3
68350462734,268596,2012-05-31,3,2,4,1259,528.78,5564.78,TeleShop,Footwear,3,Women,268596,01-12-1989,M,3
11919852701,271079,2012-06-01,9,3,5,433,227.325,2392.325,TeleShop,Electronics,9,Cameras,271079,27-11-1990,M,3
82522419037,274479,2012-06-01,2,6,4,1294,543.48,5719.48,TeleShop,Home and kitchen,2,Furnishing,274479,21-02-1989,M,3
16877450265,274507,2012-06-02,3,1,5,715,375.375,3950.375,TeleShop,Clothing,3,Kids,274507,10-02-1987,M,3
611253886,273878,2012-06-06,5,3,5,1005,527.625,5552.625,TeleShop,Electronics,5,Computers,273878,19-01-1975,M,3
29775337442,268869,2012-06-13,1,2,5,1226,643.65,6773.65,TeleShop,Footwear,1,Mens,268869,22-07-1974,M,3
62971400025,268545,2012-06-15,6,5,2,1018,213.78,2249.78,TeleShop,Books,6,DIY,268545,22-11-1984,M,3
63215742391,270623,2012-06-26,5,3,5,1268,665.7,7005.7,TeleShop,Electronics,5,Computers,270623,11-09-1977,M,3
23459013874,272101,2012-06-26,4,2,2,1273,267.33,2813.33,TeleShop,Footwear,4,Kids,272101,27-12-1971,M,3
27884619689,268661,2012-07-02,10,6,5,-601,315.525,3320.525,TeleShop,Home and kitchen,10,Kitchen,268661,28-07-1988,M,3
6509738083,268720,2012-07-02,3,5,5,1376,722.4,7602.4,TeleShop,Books,3,Comics,268720,07-08-1989,M,3
63163331006,271055,2012-07-03,4,2,2,-290,60.9,640.9,TeleShop,Footwear,4,Kids,271055,14-05-1972,M,3
7045208023,270694,2012-07-03,4,2,4,-448,188.16,1980.16,TeleShop,Footwear,4,Kids,270694,06-08-1974,F,3
57685095006,273478,2012-07-09,4,2,4,676,283.92,2987.92,TeleShop,Footwear,4,Kids,273478,20-10-1972,F,3
81355021463,274478,2012-07-11,1,4,4,632,265.44,2793.44,TeleShop,Bags,1,Mens,274478,17-06-1986,F,3
91942697455,267610,2012-07-18,8,3,2,1298,272.58,2868.58,TeleShop,Electronics,8,Personal Appliances,267610,18-11-1984,M,3
41446836295,271029,2012-07-22,7,5,1,125,13.125,138.125,TeleShop,Books,7,Fiction,271029,19-06-1977,M,3
688991556,270603,2012-07-23,7,5,3,1457,458.955,4829.955,TeleShop,Books,7,Fiction,270603,28-11-1983,M,3
30208947273,272920,2012-07-28,1,1,4,773,324.66,3416.66,TeleShop,Clothing,1,Women,272920,01-08-1983,M,3
57034689016,269463,2012-07-28,6,5,2,1104,231.84,2439.84,TeleShop,Books,6,DIY,269463,23-10-1979,F,3
30208947273,272920,2012-07-31,1,1,4,-773,324.66,3416.66,TeleShop,Clothing,1,Women,272920,01-08-1983,M,3
70190633349,269972,2012-08-03,1,4,4,672,282.24,2970.24,TeleShop,Bags,1,Mens,269972,17-03-1983,M,3
84946149513,273190,2012-08-03,1,1,1,217,22.785,239.785,TeleShop,Clothing,1,Women,273190,19-04-1991,M,3
54986338170,268771,2012-08-04,5,3,1,198,20.79,218.79,TeleShop,Electronics,5,Computers,268771,04-01-1992,F,3
21459715581,269965,2012-08-05,11,5,3,377,118.755,1249.755,TeleShop,Books,11,Children,269965,09-08-1977,M,3
69278079162,269758,2012-08-06,8,3,5,477,250.425,2635.425,TeleShop,Electronics,8,Personal Appliances,269758,24-06-1979,M,3
90609006814,273297,2012-08-08,9,3,2,1092,229.32,2413.32,TeleShop,Electronics,9,Cameras,273297,12-06-1985,F,3
99830679415,270141,2012-08-09,5,3,3,171,53.865,566.865,TeleShop,Electronics,5,Computers,270141,09-10-1977,F,3
57685095006,273478,2012-08-09,4,2,4,-676,283.92,2987.92,TeleShop,Footwear,4,Kids,273478,20-10-1972,F,3
95810870947,272255,2012-08-10,1,1,1,507,53.235,560.235,TeleShop,Clothing,1,Women,272255,17-04-1988,M,3
58499124880,274927,2012-08-14,11,5,5,208,109.2,1149.2,TeleShop,Books,11,Children,274927,06-10-1971,M,3
59507782599,273113,2012-08-16,1,4,1,142,14.91,156.91,TeleShop,Bags,1,Mens,273113,16-06-1977,M,3
13196466541,272032,2012-08-19,1,2,4,1105,464.1,4884.1,TeleShop,Footwear,1,Mens,272032,15-09-1983,M,3
38136953834,268672,2012-08-20,11,6,5,270,141.75,1491.75,TeleShop,Home and kitchen,11,Bath,268672,22-01-1991,F,3
7694221471,267887,2012-08-21,11,6,4,874,367.08,3863.08,TeleShop,Home and kitchen,11,Bath,267887,23-12-1991,F,3
88297603041,273271,2012-08-23,3,1,5,415,217.875,2292.875,TeleShop,Clothing,3,Kids,273271,08-11-1989,F,3
10011215362,270641,2012-08-26,3,1,4,936,393.12,4137.12,TeleShop,Clothing,3,Kids,270641,24-04-1991,M,3
8745919288,272796,2012-08-26,4,4,1,400,42.0,442.0,TeleShop,Bags,4,Women,272796,02-10-1975,M,3
7863738568,268848,2012-08-27,1,1,3,104,32.76,344.76,TeleShop,Clothing,1,Women,268848,10-08-1985,F,3
93243049149,271460,2012-08-28,11,5,3,818,257.67,2711.67,TeleShop,Books,11,Children,271460,17-04-1982,M,3
38353293960,273506,2012-08-29,11,6,1,1251,131.355,1382.355,TeleShop,Home and kitchen,11,Bath,273506,23-12-1971,M,3
60645980915,273060,2012-08-30,1,1,2,361,75.81,797.81,TeleShop,Clothing,1,Women,273060,19-09-1991,F,3
98019780729,267828,2012-08-30,11,5,1,712,74.76,786.76,TeleShop,Books,11,Children,267828,07-05-1976,M,3
89863603438,274260,2012-09-03,7,5,3,118,37.17,391.17,TeleShop,Books,7,Fiction,274260,10-11-1991,M,3
63163331006,271055,2012-09-03,4,2,2,-290,60.9,640.9,TeleShop,Footwear,4,Kids,271055,14-05-1972,M,3
27051905326,273113,2012-09-09,4,1,5,732,384.3,4044.3,TeleShop,Clothing,4,Mens,273113,16-06-1977,M,3
75827190845,272278,2012-09-11,8,3,3,722,227.43,2393.43,TeleShop,Electronics,8,Personal Appliances,272278,17-05-1985,F,3
37966257763,267475,2012-09-12,12,6,4,971,407.82,4291.82,TeleShop,Home and kitchen,12,Tools,267475,24-01-1980,M,3
51656978003,274884,2012-09-14,2,6,4,414,173.88,1829.88,TeleShop,Home and kitchen,2,Furnishing,274884,29-03-1974,F,3
85895834597,270860,2012-09-18,3,5,3,1243,391.545,4120.545,TeleShop,Books,3,Comics,270860,26-11-1973,M,3
66826963369,267464,2012-09-19,11,6,1,177,18.585,195.585,TeleShop,Home and kitchen,11,Bath,267464,16-05-1977,F,3
17553222043,271675,2012-09-22,7,5,5,1320,693.0,7293.0,TeleShop,Books,7,Fiction,271675,17-11-1986,M,3
21867013436,269936,2012-09-25,4,1,3,1175,370.125,3895.125,TeleShop,Clothing,4,Mens,269936,26-02-1992,F,3
55075120944,270033,2012-09-26,4,1,3,418,131.67,1385.67,TeleShop,Clothing,4,Mens,270033,04-01-1982,M,3
28727427241,270981,2012-09-26,1,2,2,1138,238.98,2514.98,TeleShop,Footwear,1,Mens,270981,07-07-1991,F,3
29784068770,268473,2012-09-27,4,1,5,955,501.375,5276.375,TeleShop,Clothing,4,Mens,268473,22-07-1990,F,3
95077828243,273121,2012-09-27,10,3,1,1090,114.45,1204.45,TeleShop,Electronics,10,Audio and video,273121,26-02-1983,M,3
36793806874,268351,2012-09-28,4,2,1,1442,151.41,1593.41,TeleShop,Footwear,4,Kids,268351,27-12-1982,M,3
79078141190,267473,2012-09-29,10,3,4,1139,478.38,5034.38,TeleShop,Electronics,10,Audio and video,267473,25-07-1987,M,3
57743428829,272945,2012-10-01,4,1,2,-1056,221.76,2333.76,TeleShop,Clothing,4,Mens,272945,20-02-1979,M,3
50486366191,274222,2012-10-03,3,2,3,275,86.625,911.625,TeleShop,Footwear,3,Women,274222,21-01-1988,M,3
3782797716,274345,2012-10-03,4,1,1,1296,136.08,1432.08,TeleShop,Clothing,4,Mens,274345,29-11-1977,F,3
60551351242,269352,2012-10-04,1,2,1,93,9.765,102.765,TeleShop,Footwear,1,Mens,269352,03-01-1973,F,3
21459715581,269965,2012-10-05,11,5,3,-377,118.755,1249.755,TeleShop,Books,11,Children,269965,09-08-1977,M,3
22604001669,273556,2012-10-08,3,2,5,1197,628.425,6613.425,TeleShop,Footwear,3,Women,273556,01-12-1970,M,3
80329812250,267926,2012-10-10,1,1,4,1041,437.22,4601.22,TeleShop,Clothing,1,Women,267926,18-06-1985,M,3
18775498183,268281,2012-10-11,4,3,1,359,37.695,396.695,TeleShop,Electronics,4,Mobiles,268281,26-02-1980,F,3
57056605357,273988,2012-10-11,9,3,1,267,28.035,295.035,TeleShop,Electronics,9,Cameras,273988,05-04-1985,M,3
56649164923,268772,2012-10-12,9,3,3,253,79.695,838.695,TeleShop,Electronics,9,Cameras,268772,20-10-1970,F,3
36340935034,273878,2012-10-13,9,3,1,202,21.21,223.21,TeleShop,Electronics,9,Cameras,273878,19-01-1975,M,3
8131501622,267580,2012-10-15,11,6,1,-1294,135.87,1429.87,TeleShop,Home and kitchen,11,Bath,267580,14-08-1983,M,3
47916639450,269546,2012-10-15,2,6,2,134,28.14,296.14,TeleShop,Home and kitchen,2,Furnishing,269546,28-11-1973,M,3
7778042642,270396,2012-10-16,6,5,1,989,103.845,1092.845,TeleShop,Books,6,DIY,270396,01-05-1985,M,3
27103293370,273960,2012-10-17,3,1,2,1482,311.22,3275.22,TeleShop,Clothing,3,Kids,273960,04-07-1989,M,3
38967780297,268473,2012-10-19,10,3,3,297,93.555,984.555,TeleShop,Electronics,10,Audio and video,268473,22-07-1990,F,3
86668912856,273595,2012-10-19,3,5,3,1139,358.785,3775.785,TeleShop,Books,3,Comics,273595,16-10-1972,M,3
48727689115,270330,2012-10-20,4,3,4,1158,486.36,5118.36,TeleShop,Electronics,4,Mobiles,270330,13-07-1981,M,3
48727689115,270330,2012-10-21,4,3,4,-1158,486.36,5118.36,TeleShop,Electronics,4,Mobiles,270330,13-07-1981,M,3
48727689115,270330,2012-10-21,4,3,4,-1158,486.36,5118.36,TeleShop,Electronics,4,Mobiles,270330,13-07-1981,M,3
92901899164,272116,2012-10-23,6,5,3,962,303.03,3189.03,TeleShop,Books,6,DIY,272116,25-12-1985,F,3
1854416787,272886,2012-10-27,9,3,1,700,73.5,773.5,TeleShop,Electronics,9,Cameras,272886,17-05-1983,M,3
19574999480,274707,2012-10-28,10,5,1,309,32.445,341.445,TeleShop,Books,10,Non-Fiction,274707,14-08-1988,M,3
42762780769,272116,2012-11-04,6,5,4,400,168.0,1768.0,TeleShop,Books,6,DIY,272116,25-12-1985,F,3
27129645275,271055,2012-11-04,8,3,2,1176,246.96,2598.96,TeleShop,Electronics,8,Personal Appliances,271055,14-05-1972,M,3
8131501622,267580,2012-11-10,11,6,1,1294,135.87,1429.87,TeleShop,Home and kitchen,11,Bath,267580,14-08-1983,M,3
56185033230,268779,2012-11-11,1,1,3,641,201.915,2124.915,TeleShop,Clothing,1,Women,268779,03-02-1992,M,3
85260341989,273273,2012-11-12,7,5,4,410,172.2,1812.2,TeleShop,Books,7,Fiction,273273,17-12-1978,M,3
63627484676,269854,2012-11-13,4,3,2,451,94.71,996.71,TeleShop,Electronics,4,Mobiles,269854,23-08-1987,F,3
37692043112,275157,2012-11-13,11,5,1,-1062,111.51,1173.51,TeleShop,Books,11,Children,275157,10-05-1980,M,3
28077419754,270397,2012-11-15,3,2,5,892,468.3,4928.3,TeleShop,Footwear,3,Women,270397,07-10-1988,F,3
22430564167,273113,2012-11-17,4,1,1,766,80.43,846.43,TeleShop,Clothing,4,Mens,273113,16-06-1977,M,3
63154727188,271102,2012-11-17,12,5,5,648,340.2,3580.2,TeleShop,Books,12,Academic,271102,23-02-1980,M,3
55032993738,268992,2012-11-22,5,3,5,-739,387.975,4082.975,TeleShop,Electronics,5,Computers,268992,07-07-1987,F,3
9998632016,269940,2012-11-30,7,5,5,661,347.025,3652.025,TeleShop,Books,7,Fiction,269940,14-02-1983,F,3
68896042090,270623,2012-12-01,2,6,4,954,400.68,4216.68,TeleShop,Home and kitchen,2,Furnishing,270623,11-09-1977,M,3
82522419037,274479,2012-12-01,2,6,4,-1294,543.48,5719.48,TeleShop,Home and kitchen,2,Furnishing,274479,21-02-1989,M,3
64980218486,270884,2012-12-02,4,2,3,378,119.07,1253.07,TeleShop,Footwear,4,Kids,270884,03-02-1984,M,3
39312844509,267324,2012-12-07,4,1,4,832,349.44,3677.44,TeleShop,Clothing,4,Mens,267324,26-09-1991,F,3
90075761157,269877,2012-12-09,11,6,3,662,208.53,2194.53,TeleShop,Home and kitchen,11,Bath,269877,12-08-1987,F,3
55032993738,268992,2012-12-11,5,3,5,739,387.975,4082.975,TeleShop,Electronics,5,Computers,268992,07-07-1987,F,3
85260341989,273273,2012-12-12,7,5,4,-410,172.2,1812.2,TeleShop,Books,7,Fiction,273273,17-12-1978,M,3
34655633329,272752,2012-12-12,11,6,3,651,205.065,2158.065,TeleShop,Home and kitchen,11,Bath,272752,28-06-1987,M,3
78367615072,269158,2012-12-16,4,2,2,1288,270.48,2846.48,TeleShop,Footwear,4,Kids,269158,05-01-1992,F,3
85145043546,270661,2012-12-18,1,4,1,1190,124.95,1314.95,TeleShop,Bags,1,Mens,270661,05-07-1990,F,3
62111727921,274129,2012-12-18,12,5,4,444,186.48,1962.48,TeleShop,Books,12,Academic,274129,23-10-1973,F,3
63743042678,270694,2012-12-20,11,5,1,562,59.01,621.01,TeleShop,Books,11,Children,270694,06-08-1974,F,3
86138254287,275186,2012-12-21,7,5,3,224,70.56,742.56,TeleShop,Books,7,Fiction,275186,06-05-1974,F,3
86948734584,268132,2012-12-23,3,5,5,808,424.2,4464.2,TeleShop,Books,3,Comics,268132,04-12-1982,M,3
76574507510,274507,2012-12-24,8,3,4,115,48.3,508.3,TeleShop,Electronics,8,Personal Appliances,274507,10-02-1987,M,3
62111727921,274129,2012-12-25,12,5,4,-444,186.48,1962.48,TeleShop,Books,12,Academic,274129,23-10-1973,F,3
38657598424,269124,2012-12-25,3,1,4,1197,502.74,5290.74,TeleShop,Clothing,3,Kids,269124,28-02-1972,M,3
32889830495,270758,2012-12-28,11,5,4,1425,598.5,6298.5,TeleShop,Books,11,Children,270758,17-12-1978,M,3
78626229855,272312,2012-12-31,12,6,1,767,80.535,847.535,TeleShop,Home and kitchen,12,Tools,272312,10-02-1979,M,3
80661418167,275102,2013-01-02,1,2,2,683,143.43,1509.43,TeleShop,Footwear,1,Mens,275102,08-09-1975,F,3
384322819,271568,2013-01-04,11,5,4,1046,439.32,4623.32,TeleShop,Books,11,Children,271568,16-10-1974,F,3
49493337635,272666,2013-01-05,3,5,3,505,159.075,1674.075,TeleShop,Books,3,Comics,272666,19-02-1974,F,3
752342827,274260,2013-01-07,1,1,3,1249,393.435,4140.435,TeleShop,Clothing,1,Women,274260,10-11-1991,M,3
78268047002,268369,2013-01-08,11,5,4,952,399.84,4207.84,TeleShop,Books,11,Children,268369,20-01-1977,M,3
32916061636,267607,2013-01-08,10,3,3,124,39.06,411.06,TeleShop,Electronics,10,Audio and video,267607,20-09-1992,F,3
89882144571,266785,2013-01-08,1,4,3,206,64.89,682.89,TeleShop,Bags,1,Mens,266785,29-06-1985,F,3
62006768244,268544,2013-01-12,4,3,1,676,70.98,746.98,TeleShop,Electronics,4,Mobiles,268544,01-07-1990,F,3
14786497248,274114,2013-01-13,12,5,4,128,53.76,565.76,TeleShop,Books,12,Academic,274114,05-12-1986,F,3
50603542374,274479,2013-01-19,5,3,1,1389,145.845,1534.845,TeleShop,Electronics,5,Computers,274479,21-02-1989,M,3
59800614066,274747,2013-01-19,11,6,4,1384,581.28,6117.28,TeleShop,Home and kitchen,11,Bath,274747,16-06-1976,F,3
24619504101,274224,2013-01-23,7,5,4,405,170.1,1790.1,TeleShop,Books,7,Fiction,274224,03-07-1986,M,3
84923721354,274789,2013-01-29,12,5,1,1052,110.46,1162.46,TeleShop,Books,12,Academic,274789,01-09-1981,M,3
22904425141,268848,2013-01-29,1,1,1,198,20.79,218.79,TeleShop,Clothing,1,Women,268848,10-08-1985,F,3
84923721354,274789,2013-01-31,12,5,1,-1052,110.46,1162.46,TeleShop,Books,12,Academic,274789,01-09-1981,M,3
6587222097,275144,2013-02-03,12,6,4,514,215.88,2271.88,TeleShop,Home and kitchen,12,Tools,275144,13-01-1983,F,3
61500454635,268672,2013-02-04,4,2,3,-660,207.9,2187.9,TeleShop,Footwear,4,Kids,268672,22-01-1991,F,3
53476498795,274884,2013-02-06,5,3,2,241,50.61,532.61,TeleShop,Electronics,5,Computers,274884,29-03-1974,F,3
35625197895,271051,2013-02-09,11,5,1,703,73.815,776.815,TeleShop,Books,11,Children,271051,13-02-1976,F,3
54006364065,273123,2013-02-16,11,6,1,618,64.89,682.89,TeleShop,Home and kitchen,11,Bath,273123,19-06-1987,M,3
67643364186,273484,2013-02-19,10,6,1,-1315,138.075,1453.075,TeleShop,Home and kitchen,10,Kitchen,273484,23-08-1975,M,3
39273666141,271042,2013-02-24,3,2,1,795,83.475,878.475,TeleShop,Footwear,3,Women,271042,08-02-1990,M,3
11741018444,273894,2013-03-02,5,3,3,693,218.295,2297.295,TeleShop,Electronics,5,Computers,273894,08-11-1990,M,3
69396689534,273918,2013-03-05,4,3,5,342,179.55,1889.55,TeleShop,Electronics,4,Mobiles,273918,28-08-1979,M,3
90939506964,268991,2013-03-07,8,3,1,1280,134.4,1414.4,TeleShop,Electronics,8,Personal Appliances,268991,10-11-1989,M,3
45885051290,272355,2013-03-08,12,6,1,1456,152.88,1608.88,TeleShop,Home and kitchen,12,Tools,272355,05-04-1988,F,3
78832422682,267534,2013-03-09,12,5,4,730,306.6,3226.6,TeleShop,Books,12,Academic,267534,03-09-1988,F,3
33989073396,268065,2013-03-13,3,5,2,845,177.45,1867.45,TeleShop,Books,3,Comics,268065,14-02-1978,F,3
43844911002,271989,2013-03-13,10,6,5,1216,638.4,6718.4,TeleShop,Home and kitchen,10,Kitchen,271989,02-11-1978,M,3
64802137719,269042,2013-03-19,11,6,2,1000,210.0,2210.0,TeleShop,Home and kitchen,11,Bath,269042,12-08-1978,F,3
61500454635,268672,2013-03-26,4,2,3,660,207.9,2187.9,TeleShop,Footwear,4,Kids,268672,22-01-1991,F,3
39273666141,271042,2013-04-03,3,2,1,-795,83.475,878.475,TeleShop,Footwear,3,Women,271042,08-02-1990,M,3
51904466488,270860,2013-04-05,11,5,2,541,113.61,1195.61,TeleShop,Books,11,Children,270860,26-11-1973,M,3
30279357247,268067,2013-04-07,4,3,4,685,287.7,3027.7,TeleShop,Electronics,4,Mobiles,268067,14-10-1979,M,3
72675231687,270758,2013-04-09,7,5,1,344,36.12,380.12,TeleShop,Books,7,Fiction,270758,17-12-1978,M,3
58475868101,274837,2013-04-10,12,6,4,761,319.62,3363.62,TeleShop,Home and kitchen,12,Tools,274837,09-06-1971,F,3
94408136672,269390,2013-04-14,3,5,4,1019,427.98,4503.98,TeleShop,Books,3,Comics,269390,28-11-1980,M,3
5352183461,273960,2013-04-18,4,2,1,512,53.76,565.76,TeleShop,Footwear,4,Kids,273960,04-07-1989,M,3
80166749290,273478,2013-04-19,1,2,4,655,275.1,2895.1,TeleShop,Footwear,1,Mens,273478,20-10-1972,F,3
896760225,270981,2013-04-21,12,6,2,417,87.57,921.57,TeleShop,Home and kitchen,12,Tools,270981,07-07-1991,F,3
80166749290,273478,2013-04-21,1,2,4,-655,275.1,2895.1,TeleShop,Footwear,1,Mens,273478,20-10-1972,F,3
61405785017,269604,2013-04-23,1,4,1,1474,154.77,1628.77,TeleShop,Bags,1,Mens,269604,07-03-1979,M,3
89008992072,274602,2013-05-02,1,1,3,1083,341.145,3590.145,TeleShop,Clothing,1,Women,274602,15-03-1970,F,3
74537415378,271190,2013-05-06,1,4,3,227,71.505,752.505,TeleShop,Bags,1,Mens,271190,16-06-1988,M,3
44101230292,267113,2013-05-08,4,4,1,922,96.81,1018.81,TeleShop,Bags,4,Women,267113,04-11-1975,F,3
80615805759,271347,2013-05-18,1,4,5,1079,566.475,5961.475,TeleShop,Bags,1,Mens,271347,17-05-1990,F,3
51696786862,272961,2013-05-19,3,1,1,1054,110.67,1164.67,TeleShop,Clothing,3,Kids,272961,05-10-1989,F,3
79434153297,274260,2013-05-19,11,5,3,1009,317.835,3344.835,TeleShop,Books,11,Children,274260,10-11-1991,M,3
85941928941,267674,2013-05-20,2,6,1,824,86.52,910.52,TeleShop,Home and kitchen,2,Furnishing,267674,17-01-1987,M,3
67440199311,272136,2013-05-21,10,3,1,253,26.565,279.565,TeleShop,Electronics,10,Audio and video,272136,07-12-1986,F,3
48194608868,274552,2013-05-22,12,6,3,170,53.55,563.55,TeleShop,Home and kitchen,12,Tools,274552,04-08-1974,F,3
80615805759,271347,2013-05-22,1,4,5,-1079,566.475,5961.475,TeleShop,Bags,1,Mens,271347,17-05-1990,F,3
51514644394,273997,2013-05-25,10,5,2,1380,289.8,3049.8,TeleShop,Books,10,Non-Fiction,273997,29-07-1971,M,3
88375711999,270641,2013-05-25,10,3,5,622,326.55,3436.55,TeleShop,Electronics,10,Audio and video,270641,24-04-1991,M,3
26839134481,273190,2013-05-31,4,2,2,844,177.24,1865.24,TeleShop,Footwear,4,Kids,273190,19-04-1991,M,3
52942251057,267367,2013-06-03,8,3,5,333,174.825,1839.825,TeleShop,Electronics,8,Personal Appliances,267367,14-09-1983,F,3
25288864560,273271,2013-06-04,9,3,1,1002,105.21,1107.21,TeleShop,Electronics,9,Cameras,273271,08-11-1989,F,3
51475345399,271811,2013-06-09,4,2,4,-1119,469.98,4945.98,TeleShop,Footwear,4,Kids,271811,28-11-1990,M,3
73191090444,269139,2013-06-12,4,1,4,201,84.42,888.42,TeleShop,Clothing,4,Mens,269139,20-02-1971,M,3
99626555337,268720,2013-06-13,4,3,3,832,262.08,2758.08,TeleShop,Electronics,4,Mobiles,268720,07-08-1989,M,3
63575810677,269168,2013-06-14,7,5,4,914,383.88,4039.88,TeleShop,Books,7,Fiction,269168,19-04-1981,F,3
74537415378,271190,2013-06-14,1,4,3,-227,71.505,752.505,TeleShop,Bags,1,Mens,271190,16-06-1988,M,3
91719203608,270860,2013-06-26,12,6,4,159,66.78,702.78,TeleShop,Home and kitchen,12,Tools,270860,26-11-1973,M,3
45737108857,273934,2013-06-28,5,3,5,609,319.725,3364.725,TeleShop,Electronics,5,Computers,273934,08-09-1982,M,3
94799726067,268863,2013-06-28,1,1,1,135,14.175,149.175,TeleShop,Clothing,1,Women,268863,08-11-1981,F,3
37099010883,273728,2013-06-29,10,5,2,1194,250.74,2638.74,TeleShop,Books,10,Non-Fiction,273728,01-07-1979,M,3
56575882681,270906,2013-07-01,1,4,2,1458,306.18,3222.18,TeleShop,Bags,1,Mens,270906,21-11-1977,F,3
49396815632,269617,2013-07-04,3,2,1,73,7.665,80.665,TeleShop,Footwear,3,Women,269617,11-03-1973,F,3
5635335547,269631,2013-07-09,6,5,2,543,114.03,1200.03,TeleShop,Books,6,DIY,269631,09-06-1982,F,3
27212859026,269283,2013-07-12,6,5,4,786,330.12,3474.12,TeleShop,Books,6,DIY,269283,01-09-1974,F,3
84404675648,272921,2013-07-17,11,6,4,489,205.38,2161.38,TeleShop,Home and kitchen,11,Bath,272921,25-09-1980,M,3
33689313389,272954,2013-07-29,10,6,3,1121,353.115,3716.115,TeleShop,Home and kitchen,10,Kitchen,272954,05-06-1980,F,3
41934207291,269213,2013-08-01,2,6,1,603,63.315,666.315,TeleShop,Home and kitchen,2,Furnishing,269213,20-08-1976,M,3
20710311857,271161,2013-08-01,12,5,5,981,515.025,5420.025,TeleShop,Books,12,Academic,271161,16-10-1987,F,3
23463805031,267851,2013-08-04,12,6,3,88,27.72,291.72,TeleShop,Home and kitchen,12,Tools,267851,13-12-1970,M,3
50068667220,270163,2013-08-11,10,3,2,84,17.64,185.64,TeleShop,Electronics,10,Audio and video,270163,24-09-1977,F,3
48517188219,275157,2013-08-12,12,6,2,748,157.08,1653.08,TeleShop,Home and kitchen,12,Tools,275157,10-05-1980,M,3
14824697004,267643,2013-08-12,1,4,2,941,197.61,2079.61,TeleShop,Bags,1,Mens,267643,12-06-1977,M,3
78034405353,270476,2013-08-13,11,6,1,971,101.955,1072.955,TeleShop,Home and kitchen,11,Bath,270476,25-12-1992,F,3
45885051290,272355,2013-08-13,12,6,1,-1456,152.88,1608.88,TeleShop,Home and kitchen,12,Tools,272355,05-04-1988,F,3
2745208950,270699,2013-08-14,1,4,5,966,507.15,5337.15,TeleShop,Bags,1,Mens,270699,02-07-1983,M,3
3236144808,271161,2013-08-20,11,6,3,1326,417.69,4395.69,TeleShop,Home and kitchen,11,Bath,271161,16-10-1987,F,3
60065664240,272546,2013-08-21,4,3,4,1472,618.24,6506.24,TeleShop,Electronics,4,Mobiles,272546,14-10-1974,F,3
31393418399,267606,2013-08-28,3,1,5,1271,667.275,7022.275,TeleShop,Clothing,3,Kids,267606,20-05-1979,F,3
24516647025,271233,2013-08-28,2,6,2,144,30.24,318.24,TeleShop,Home and kitchen,2,Furnishing,271233,03-07-1982,M,3
51475345399,271811,2013-08-28,4,2,4,1119,469.98,4945.98,TeleShop,Footwear,4,Kids,271811,28-11-1990,M,3
60065664240,272546,2013-08-31,4,3,4,-1472,618.24,6506.24,TeleShop,Electronics,4,Mobiles,272546,14-10-1974,F,3
62394675562,266823,2013-09-01,10,3,1,1043,109.515,1152.515,TeleShop,Electronics,10,Audio and video,266823,03-06-1986,M,3
67643364186,273484,2013-09-02,10,6,1,1315,138.075,1453.075,TeleShop,Home and kitchen,10,Kitchen,273484,23-08-1975,M,3
49351874716,273481,2013-09-03,5,3,4,1441,605.22,6369.22,TeleShop,Electronics,5,Computers,273481,03-08-1978,F,3
85983749546,269162,2013-09-05,4,3,4,840,352.8,3712.8,TeleShop,Electronics,4,Mobiles,269162,29-05-1989,M,3
9583289595,267979,2013-09-11,7,5,2,1087,228.27,2402.27,TeleShop,Books,7,Fiction,267979,22-07-1978,M,3
27531644889,270397,2013-09-12,11,5,3,332,104.58,1100.58,TeleShop,Books,11,Children,270397,07-10-1988,F,3
78832422682,267534,2013-09-13,12,5,4,-730,306.6,3226.6,TeleShop,Books,12,Academic,267534,03-09-1988,F,3
933067130,270588,2013-09-16,9,3,3,532,167.58,1763.58,TeleShop,Electronics,9,Cameras,270588,29-08-1987,M,3
52261844925,271923,2013-09-17,2,6,4,270,113.4,1193.4,TeleShop,Home and kitchen,2,Furnishing,271923,07-11-1978,M,3
52261844925,271923,2013-09-18,2,6,4,-270,113.4,1193.4,TeleShop,Home and kitchen,2,Furnishing,271923,07-11-1978,M,3
84003124064,268924,2013-09-23,11,6,1,878,92.19,970.19,TeleShop,Home and kitchen,11,Bath,268924,16-08-1973,F,3
93113163063,273395,2013-09-28,4,3,5,732,384.3,4044.3,TeleShop,Electronics,4,Mobiles,273395,24-05-1978,M,3
65454256888,274769,2013-09-28,1,4,2,1362,286.02,3010.02,TeleShop,Bags,1,Mens,274769,10-12-1976,F,3
80773609493,272857,2013-10-01,9,3,4,634,266.28,2802.28,TeleShop,Electronics,9,Cameras,272857,25-09-1976,M,3
93522141830,269320,2013-10-01,9,3,2,150,31.5,331.5,TeleShop,Electronics,9,Cameras,269320,29-06-1981,F,3
26428588031,274433,2013-10-03,12,5,1,1243,130.515,1373.515,TeleShop,Books,12,Academic,274433,23-11-1991,M,3
50342344770,271055,2013-10-06,9,3,3,1493,470.295,4949.295,TeleShop,Electronics,9,Cameras,271055,14-05-1972,M,3
75177072945,269252,2013-10-07,10,5,3,1492,469.98,4945.98,TeleShop,Books,10,Non-Fiction,269252,17-07-1988,F,3
18109861107,271923,2013-10-07,1,4,2,573,120.33,1266.33,TeleShop,Bags,1,Mens,271923,07-11-1978,M,3
9728511296,267177,2013-10-08,1,4,5,1343,705.075,7420.075,TeleShop,Bags,1,Mens,267177,17-01-1979,F,3
72615864767,268065,2013-10-14,12,6,3,1454,458.01,4820.01,TeleShop,Home and kitchen,12,Tools,268065,14-02-1978,F,3
87972133630,272993,2013-10-16,10,6,2,328,68.88,724.88,TeleShop,Home and kitchen,10,Kitchen,272993,23-02-1985,F,3
58937670752,269212,2013-10-17,11,6,2,1148,241.08,2537.08,TeleShop,Home and kitchen,11,Bath,269212,26-07-1987,M,3
64623321015,269958,2013-10-17,11,5,1,337,35.385,372.385,TeleShop,Books,11,Children,269958,04-07-1992,M,3
9593539317,267320,2013-10-23,3,1,1,1363,143.115,1506.115,TeleShop,Clothing,3,Kids,267320,25-02-1973,M,3
79964819869,269352,2013-10-24,6,5,2,324,68.04,716.04,TeleShop,Books,6,DIY,269352,03-01-1973,F,3
26758949279,269463,2013-10-27,6,5,3,735,231.525,2436.525,TeleShop,Books,6,DIY,269463,23-10-1979,F,3
95824002432,273599,2013-10-27,6,5,2,124,26.04,274.04,TeleShop,Books,6,DIY,273599,24-09-1982,M,3
31100743771,270365,2013-10-31,4,2,4,1376,577.92,6081.92,TeleShop,Footwear,4,Kids,270365,24-11-1978,F,3
68266853498,271232,2013-10-31,8,3,3,287,90.405,951.405,TeleShop,Electronics,8,Personal Appliances,271232,23-10-1981,M,3
44208859835,268779,2013-11-03,4,2,1,636,66.78,702.78,TeleShop,Footwear,4,Kids,268779,03-02-1992,M,3
49351874716,273481,2013-11-03,5,3,4,-1441,605.22,6369.22,TeleShop,Electronics,5,Computers,273481,03-08-1978,F,3
78168248535,272262,2013-11-05,6,5,1,175,18.375,193.375,TeleShop,Books,6,DIY,272262,17-09-1984,M,3
81609496503,269967,2013-11-05,1,4,5,1017,533.925,5618.925,TeleShop,Bags,1,Mens,269967,08-10-1987,F,3
85867494403,275170,2013-11-06,12,5,4,338,141.96,1493.96,TeleShop,Books,12,Academic,275170,20-06-1980,F,3
3125428205,272660,2013-11-06,10,5,1,208,21.84,229.84,TeleShop,Books,10,Non-Fiction,272660,06-06-1978,M,3
4135787549,267613,2013-11-07,2,6,2,386,81.06,853.06,TeleShop,Home and kitchen,2,Furnishing,267613,15-09-1970,M,3
68702628471,269087,2013-11-09,1,4,2,1345,282.45,2972.45,TeleShop,Bags,1,Mens,269087,06-11-1976,M,3
32207223462,273599,2013-11-12,3,5,5,525,275.625,2900.625,TeleShop,Books,3,Comics,273599,24-09-1982,M,3
48065377477,274842,2013-11-12,4,1,4,760,319.2,3359.2,TeleShop,Clothing,4,Mens,274842,28-10-1985,F,3
10632280445,275048,2013-11-15,1,2,5,698,366.45,3856.45,TeleShop,Footwear,1,Mens,275048,06-06-1987,M,3
24989842859,267258,2013-11-18,8,3,1,549,57.645,606.645,TeleShop,Electronics,8,Personal Appliances,267258,19-08-1983,M,3
29620386876,271103,2013-11-29,5,3,2,1350,283.5,2983.5,TeleShop,Electronics,5,Computers,271103,05-04-1979,F,3
49252718666,274927,2013-12-04,10,6,4,1239,520.38,5476.38,TeleShop,Home and kitchen,10,Kitchen,274927,06-10-1971,M,3
41509350188,270603,2013-12-12,3,2,2,496,104.16,1096.16,TeleShop,Footwear,3,Women,270603,28-11-1983,M,3
83317696083,273306,2013-12-12,4,2,3,646,203.49,2141.49,TeleShop,Footwear,4,Kids,273306,28-12-1988,M,3
41509350188,270603,2013-12-13,3,2,2,-496,104.16,1096.16,TeleShop,Footwear,3,Women,270603,28-11-1983,M,3
3130889793,270163,2013-12-14,1,2,4,1217,511.14,5379.14,TeleShop,Footwear,1,Mens,270163,24-09-1977,F,3
14824697004,267643,2013-12-15,1,4,2,-941,197.61,2079.61,TeleShop,Bags,1,Mens,267643,12-06-1977,M,3
41509350188,270603,2013-12-20,3,2,2,-496,104.16,1096.16,TeleShop,Footwear,3,Women,270603,28-11-1983,M,3
3130889793,270163,2013-12-21,1,2,4,-1217,511.14,5379.14,TeleShop,Footwear,1,Mens,270163,24-09-1977,F,3
36672230249,275246,2013-12-21,2,6,1,763,80.115,843.115,TeleShop,Home and kitchen,2,Furnishing,275246,25-06-1970,M,3
3130889793,270163,2013-12-24,1,2,4,-1217,511.14,5379.14,TeleShop,Footwear,1,Mens,270163,24-09-1977,F,3
45454071241,273254,2013-12-28,1,2,3,183,57.645,606.645,TeleShop,Footwear,1,Mens,273254,05-07-1982,M,3
57857725470,273684,2014-01-14,1,1,1,434,45.57,479.57,TeleShop,Clothing,1,Women,273684,11-09-1992,M,3
66769817332,267828,2014-01-28,3,1,5,100,52.5,552.5,TeleShop,Clothing,3,Kids,267828,07-05-1976,M,3
85527129080,271161,2014-01-29,12,5,4,983,412.86,4344.86,TeleShop,Books,12,Academic,271161,16-10-1987,F,3
1657099167,270780,2014-01-30,10,5,2,389,81.69,859.69,TeleShop,Books,10,Non-Fiction,270780,18-04-1970,F,3
53323992234,273271,2014-01-31,3,1,5,376,197.4,2077.4,TeleShop,Clothing,3,Kids,273271,08-11-1989,F,3
11822669972,267613,2014-02-01,8,3,4,273,114.66,1206.66,TeleShop,Electronics,8,Personal Appliances,267613,15-09-1970,M,3
32899104170,270064,2014-02-01,2,6,3,802,252.63,2658.63,TeleShop,Home and kitchen,2,Furnishing,270064,22-02-1990,F,3
85198716539,269275,2014-02-14,10,3,1,96,10.08,106.08,TeleShop,Electronics,10,Audio and video,269275,07-05-1980,M,3
90740728864,268229,2014-02-19,4,2,5,984,516.6,5436.6,TeleShop,Footwear,4,Kids,268229,01-03-1989,F,3
74761759329,267464,2014-03-02,4,2,1,930,97.65,1027.65,TeleShop,Footwear,4,Kids,267464,16-05-1977,F,3
964154706,274927,2014-05-01,3,1,2,408,85.68,901.68,TeleShop,Clothing,3,Kids,274927,06-10-1971,M,3
70003642399,274789,2014-08-01,1,1,1,1241,130.305,1371.305,TeleShop,Clothing,1,Women,274789,01-09-1981,M,3
5433639198,272783,2014-08-01,12,5,5,543,285.075,3000.075,TeleShop,Books,12,Academic,272783,01-04-1974,M,3
61981174638,272143,2014-08-02,4,4,2,615,129.15,1359.15,TeleShop,Bags,4,Women,272143,28-10-1992,F,3
7496095927,269213,2014-11-01,10,6,2,1097,230.37,2424.37,TeleShop,Home and kitchen,10,Kitchen,269213,20-08-1976,M,3
76071190959,269437,2014-11-01,1,4,2,1166,244.86,2576.86,TeleShop,Bags,1,Mens,269437,12-07-1984,M,3
